                      :-) GROMACS - gmx mdrun, 2019.2 (-:

                            GROMACS is written by:
     Emile Apol      Rossen Apostolov      Paul Bauer     Herman J.C. Berendsen
    Par Bjelkmar      Christian Blau   Viacheslav Bolnykh     Kevin Boyd    
 Aldert van Buuren   Rudi van Drunen     Anton Feenstra       Alan Gray     
  Gerrit Groenhof     Anca Hamuraru    Vincent Hindriksen  M. Eric Irrgang  
  Aleksei Iupinov   Christoph Junghans     Joe Jordan     Dimitrios Karkoulis
    Peter Kasson        Jiri Kraus      Carsten Kutzner      Per Larsson    
  Justin A. Lemkul    Viveca Lindahl    Magnus Lundborg     Erik Marklund   
    Pascal Merz     Pieter Meulenhoff    Teemu Murtola       Szilard Pall   
    Sander Pronk      Roland Schulz      Michael Shirts    Alexey Shvetsov  
   Alfons Sijbers     Peter Tieleman      Jon Vincent      Teemu Virolainen 
 Christian Wennberg    Maarten Wolf   
                           and the project leaders:
        Mark Abraham, Berk Hess, Erik Lindahl, and David van der Spoel

Copyright (c) 1991-2000, University of Groningen, The Netherlands.
Copyright (c) 2001-2018, The GROMACS development team at
Uppsala University, Stockholm University and
the Royal Institute of Technology, Sweden.
check out http://www.gromacs.org for more information.

GROMACS is free software; you can redistribute it and/or modify it
under the terms of the GNU Lesser General Public License
as published by the Free Software Foundation; either version 2.1
of the License, or (at your option) any later version.

GROMACS:      gmx mdrun, version 2019.2
Executable:   /shared/software/chem/gromacs/gromacs-2019.2-ompi/bin/gmx
Data prefix:  /shared/software/chem/gromacs/gromacs-2019.2-ompi
Working dir:  /home/ws/rs6725/test_md
Process ID:   80339
Command line:
  gmx mdrun -deffnm npt -ntmpi 4 -ntomp 4 -v

GROMACS version:    2019.2
Precision:          single
Memory model:       64 bit
MPI library:        thread_mpi
OpenMP support:     enabled (GMX_OPENMP_MAX_THREADS = 64)
GPU support:        CUDA
SIMD instructions:  AVX2_128
FFT library:        fftw-3.3.8-sse2-avx-avx2-avx2_128-avx512
RDTSCP usage:       enabled
TNG support:        enabled
Hwloc support:      hwloc-1.11.8
Tracing support:    disabled
C compiler:         /opt/ohpc/pub/compiler/gcc/7.3.0/bin/gcc GNU 7.3.0
C compiler flags:    -mavx2 -mfma     -O3 -DNDEBUG -funroll-all-loops -fexcess-precision=fast  
C++ compiler:       /opt/ohpc/pub/compiler/gcc/7.3.0/bin/c++ GNU 7.3.0
C++ compiler flags:  -mavx2 -mfma    -std=c++11   -O3 -DNDEBUG -funroll-all-loops -fexcess-precision=fast  
CUDA compiler:      /usr/local/cuda/bin/nvcc nvcc: NVIDIA (R) Cuda compiler driver;Copyright (c) 2005-2018 NVIDIA Corporation;Built on Sat_Aug_25_21:08:01_CDT_2018;Cuda compilation tools, release 10.0, V10.0.130
CUDA compiler flags:-gencode;arch=compute_30,code=sm_30;-gencode;arch=compute_35,code=sm_35;-gencode;arch=compute_37,code=sm_37;-gencode;arch=compute_50,code=sm_50;-gencode;arch=compute_52,code=sm_52;-gencode;arch=compute_60,code=sm_60;-gencode;arch=compute_61,code=sm_61;-gencode;arch=compute_70,code=sm_70;-gencode;arch=compute_75,code=compute_75;-use_fast_math;;; ;-mavx2;-mfma;-std=c++11;-O3;-DNDEBUG;-funroll-all-loops;-fexcess-precision=fast;
CUDA driver:        12.40
CUDA runtime:       N/A

Note: 128 CPUs configured, but only 32 were detected to be online.

NOTE: Detection of GPUs failed. The API reported:
      no CUDA-capable device is detected
      GROMACS cannot run tasks on a GPU.

Running on 1 node with total 32 cores, 32 logical cores, 0 compatible GPUs
Hardware detected:
  CPU info:
    Vendor: AMD
    Brand:  AMD EPYC 7702 64-Core Processor                
    Family: 23   Model: 49   Stepping: 0
    Features: aes amd apic avx avx2 clfsh cmov cx8 cx16 f16c fma htt lahf misalignsse mmx msr nonstop_tsc pclmuldq pdpe1gb popcnt pse rdrnd rdtscp sha sse2 sse3 sse4a sse4.1 sse4.2 ssse3
  Hardware topology: Full, with devices
    Sockets, cores, and logical processors:
      Socket  0: [   0] [   1] [   2] [   3] [   4] [   5] [   6] [   7] [   8] [   9] [  10] [  11] [  12] [  13] [  14] [  15] [  16] [  17] [  18] [  19] [  20] [  21] [  22] [  23] [  24] [  25] [  26] [  27] [  28] [  29] [  30] [  31]
    Numa nodes:
      Node  0 (134925836288 bytes mem):   0   1   2   3   4   5   6   7   8   9  10  11  12  13  14  15  16  17  18  19  20  21  22  23  24  25  26  27  28  29  30  31
      Node  1 (135276908544 bytes mem):
      Latency:
               0     1
         0  1.00  3.20
         1  3.20  1.00
    Caches:
      L1: 32768 bytes, linesize 64 bytes, assoc. 8, shared 1 ways
      L2: 524288 bytes, linesize 64 bytes, assoc. 8, shared 1 ways
      L3: 16777216 bytes, linesize 64 bytes, assoc. 16, shared 4 ways
    PCI devices:
      0000:21:00.0  Id: 8086:1563  Class: 0x0200  Numa: -1
      0000:21:00.1  Id: 8086:1563  Class: 0x0200  Numa: -1
      0000:24:00.0  Id: 1022:7901  Class: 0x0106  Numa: -1
      0000:25:00.0  Id: 1022:7901  Class: 0x0106  Numa: -1
      0000:43:00.0  Id: 1022:7901  Class: 0x0106  Numa: -1
      0000:44:00.0  Id: 1022:7901  Class: 0x0106  Numa: -1
      0000:62:00.0  Id: 1a03:2000  Class: 0x0300  Numa: -1
      0000:a7:00.0  Id: 1022:7901  Class: 0x0106  Numa: -1
      0000:a8:00.0  Id: 1022:7901  Class: 0x0106  Numa: -1
      0000:c3:00.0  Id: 1022:7901  Class: 0x0106  Numa: -1
      0000:c4:00.0  Id: 1022:7901  Class: 0x0106  Numa: -1


++++ PLEASE READ AND CITE THE FOLLOWING REFERENCE ++++
M. J. Abraham, T. Murtola, R. Schulz, S. Páll, J. C. Smith, B. Hess, E.
Lindahl
GROMACS: High performance molecular simulations through multi-level
parallelism from laptops to supercomputers
SoftwareX 1 (2015) pp. 19-25
-------- -------- --- Thank You --- -------- --------


++++ PLEASE READ AND CITE THE FOLLOWING REFERENCE ++++
S. Páll, M. J. Abraham, C. Kutzner, B. Hess, E. Lindahl
Tackling Exascale Software Challenges in Molecular Dynamics Simulations with
GROMACS
In S. Markidis & E. Laure (Eds.), Solving Software Challenges for Exascale 8759 (2015) pp. 3-27
-------- -------- --- Thank You --- -------- --------


++++ PLEASE READ AND CITE THE FOLLOWING REFERENCE ++++
S. Pronk, S. Páll, R. Schulz, P. Larsson, P. Bjelkmar, R. Apostolov, M. R.
Shirts, J. C. Smith, P. M. Kasson, D. van der Spoel, B. Hess, and E. Lindahl
GROMACS 4.5: a high-throughput and highly parallel open source molecular
simulation toolkit
Bioinformatics 29 (2013) pp. 845-54
-------- -------- --- Thank You --- -------- --------


++++ PLEASE READ AND CITE THE FOLLOWING REFERENCE ++++
B. Hess and C. Kutzner and D. van der Spoel and E. Lindahl
GROMACS 4: Algorithms for highly efficient, load-balanced, and scalable
molecular simulation
J. Chem. Theory Comput. 4 (2008) pp. 435-447
-------- -------- --- Thank You --- -------- --------


++++ PLEASE READ AND CITE THE FOLLOWING REFERENCE ++++
D. van der Spoel, E. Lindahl, B. Hess, G. Groenhof, A. E. Mark and H. J. C.
Berendsen
GROMACS: Fast, Flexible and Free
J. Comp. Chem. 26 (2005) pp. 1701-1719
-------- -------- --- Thank You --- -------- --------


++++ PLEASE READ AND CITE THE FOLLOWING REFERENCE ++++
E. Lindahl and B. Hess and D. van der Spoel
GROMACS 3.0: A package for molecular simulation and trajectory analysis
J. Mol. Mod. 7 (2001) pp. 306-317
-------- -------- --- Thank You --- -------- --------


++++ PLEASE READ AND CITE THE FOLLOWING REFERENCE ++++
H. J. C. Berendsen, D. van der Spoel and R. van Drunen
GROMACS: A message-passing parallel molecular dynamics implementation
Comp. Phys. Comm. 91 (1995) pp. 43-56
-------- -------- --- Thank You --- -------- --------


++++ PLEASE CITE THE DOI FOR THIS VERSION OF GROMACS ++++
https://doi.org/10.5281/zenodo.2636382
-------- -------- --- Thank You --- -------- --------

Input Parameters:
   integrator                     = md
   tinit                          = 0
   dt                             = 0.002
   nsteps                         = 250000
   init-step                      = 0
   simulation-part                = 1
   comm-mode                      = Linear
   nstcomm                        = 100
   bd-fric                        = 0
   ld-seed                        = 2011254110
   emtol                          = 10
   emstep                         = 0.01
   niter                          = 20
   fcstep                         = 0
   nstcgsteep                     = 1000
   nbfgscorr                      = 10
   rtpi                           = 0.05
   nstxout                        = 500
   nstvout                        = 500
   nstfout                        = 0
   nstlog                         = 500
   nstcalcenergy                  = 100
   nstenergy                      = 500
   nstxout-compressed             = 0
   compressed-x-precision         = 1000
   cutoff-scheme                  = Verlet
   nstlist                        = 10
   ns-type                        = Grid
   pbc                            = xyz
   periodic-molecules             = false
   verlet-buffer-tolerance        = 0.005
   rlist                          = 1.2
   coulombtype                    = PME
   coulomb-modifier               = Potential-shift
   rcoulomb-switch                = 0
   rcoulomb                       = 1.2
   epsilon-r                      = 1
   epsilon-rf                     = inf
   vdw-type                       = Cut-off
   vdw-modifier                   = Force-switch
   rvdw-switch                    = 1
   rvdw                           = 1.2
   DispCorr                       = No
   table-extension                = 1
   fourierspacing                 = 0.16
   fourier-nx                     = 32
   fourier-ny                     = 32
   fourier-nz                     = 32
   pme-order                      = 4
   ewald-rtol                     = 1e-05
   ewald-rtol-lj                  = 0.001
   lj-pme-comb-rule               = Geometric
   ewald-geometry                 = 0
   epsilon-surface                = 0
   tcoupl                         = V-rescale
   nsttcouple                     = 10
   nh-chain-length                = 0
   print-nose-hoover-chain-variables = false
   pcoupl                         = Parrinello-Rahman
   pcoupltype                     = Isotropic
   nstpcouple                     = 10
   tau-p                          = 5
   compressibility (3x3):
      compressibility[    0]={ 4.50000e-05,  0.00000e+00,  0.00000e+00}
      compressibility[    1]={ 0.00000e+00,  4.50000e-05,  0.00000e+00}
      compressibility[    2]={ 0.00000e+00,  0.00000e+00,  4.50000e-05}
   ref-p (3x3):
      ref-p[    0]={ 1.00000e+00,  0.00000e+00,  0.00000e+00}
      ref-p[    1]={ 0.00000e+00,  1.00000e+00,  0.00000e+00}
      ref-p[    2]={ 0.00000e+00,  0.00000e+00,  1.00000e+00}
   refcoord-scaling               = COM
   posres-com (3):
      posres-com[0]= 4.98984e-01
      posres-com[1]= 5.03970e-01
      posres-com[2]= 5.01489e-01
   posres-comB (3):
      posres-comB[0]= 4.98984e-01
      posres-comB[1]= 5.03970e-01
      posres-comB[2]= 5.01489e-01
   QMMM                           = false
   QMconstraints                  = 0
   QMMMscheme                     = 0
   MMChargeScaleFactor            = 1
qm-opts:
   ngQM                           = 0
   constraint-algorithm           = Lincs
   continuation                   = true
   Shake-SOR                      = false
   shake-tol                      = 0.0001
   lincs-order                    = 4
   lincs-iter                     = 1
   lincs-warnangle                = 30
   nwall                          = 0
   wall-type                      = 9-3
   wall-r-linpot                  = -1
   wall-atomtype[0]               = -1
   wall-atomtype[1]               = -1
   wall-density[0]                = 0
   wall-density[1]                = 0
   wall-ewald-zfac                = 3
   pull                           = false
   awh                            = false
   rotation                       = false
   interactiveMD                  = false
   disre                          = No
   disre-weighting                = Conservative
   disre-mixed                    = false
   dr-fc                          = 1000
   dr-tau                         = 0
   nstdisreout                    = 100
   orire-fc                       = 0
   orire-tau                      = 0
   nstorireout                    = 100
   free-energy                    = no
   cos-acceleration               = 0
   deform (3x3):
      deform[    0]={ 0.00000e+00,  0.00000e+00,  0.00000e+00}
      deform[    1]={ 0.00000e+00,  0.00000e+00,  0.00000e+00}
      deform[    2]={ 0.00000e+00,  0.00000e+00,  0.00000e+00}
   simulated-tempering            = false
   swapcoords                     = no
   userint1                       = 0
   userint2                       = 0
   userint3                       = 0
   userint4                       = 0
   userreal1                      = 0
   userreal2                      = 0
   userreal3                      = 0
   userreal4                      = 0
   applied-forces:
     electric-field:
       x:
         E0                       = 0
         omega                    = 0
         t0                       = 0
         sigma                    = 0
       y:
         E0                       = 0
         omega                    = 0
         t0                       = 0
         sigma                    = 0
       z:
         E0                       = 0
         omega                    = 0
         t0                       = 0
         sigma                    = 0
grpopts:
   nrdf:       17954
   ref-t:         298
   tau-t:           1
annealing:          No
annealing-npoints:           0
   acc:	           0           0           0
   nfreeze:           N           N           N
   energygrp-flags[  0]: 0

Changing nstlist from 10 to 80, rlist from 1.2 to 1.32


Initializing Domain Decomposition on 4 ranks
Dynamic load balancing: locked
Using update groups, nr 3016, average size 3.0 atoms, max. radius 0.104 nm
Minimum cell size due to atom displacement: 0.514 nm
Initial maximum distances in bonded interactions:
    two-body bonded interactions: 0.397 nm, LJ-14, atoms 10 22
  multi-body bonded interactions: 0.397 nm, Proper Dih., atoms 22 10
Minimum cell size due to bonded interactions: 0.436 nm
Using 0 separate PME ranks, as there are too few total
 ranks for efficient splitting
Scaling the initial minimum size with 1/0.8 (option -dds) = 1.25
Optimizing the DD grid for 4 cells with a minimum initial size of 0.642 nm
The maximum allowed number of cells is: X 7 Y 7 Z 7
Domain decomposition grid 4 x 1 x 1, separate PME ranks 0
PME domain decomposition: 4 x 1 x 1
Domain decomposition rank 0, coordinates 0 0 0

The initial number of communication pulses is: X 2
The initial domain decomposition cell size is: X 1.13 nm

The maximum allowed distance for atom groups involved in interactions is:
                 non-bonded interactions           1.528 nm
(the following are initial values, they could change due to box deformation)
            two-body bonded interactions  (-rdd)   1.528 nm
          multi-body bonded interactions  (-rdd)   1.127 nm

When dynamic load balancing gets turned on, these settings will change to:
The maximum number of communication pulses is: X 2
The minimum size for domain decomposition cells is 0.764 nm
The requested allowed shrink of DD cells (option -dds) is: 0.80
The allowed shrink of domain decomposition cells is: X 0.68
The maximum allowed distance for atom groups involved in interactions is:
                 non-bonded interactions           1.528 nm
            two-body bonded interactions  (-rdd)   1.528 nm
          multi-body bonded interactions  (-rdd)   0.764 nm

Using 4 MPI threads
Using 4 OpenMP threads per tMPI thread


NOTE: The number of threads is not equal to the number of (logical) cores
      and the -pin option is set to auto: will not pin threads to cores.
      This can lead to significant performance degradation.
      Consider using -pin on (and -pinoffset in case you run multiple jobs).
System total charge: -0.000
Will do PME sum in reciprocal space for electrostatic interactions.

++++ PLEASE READ AND CITE THE FOLLOWING REFERENCE ++++
U. Essmann, L. Perera, M. L. Berkowitz, T. Darden, H. Lee and L. G. Pedersen 
A smooth particle mesh Ewald method
J. Chem. Phys. 103 (1995) pp. 8577-8592
-------- -------- --- Thank You --- -------- --------

Using a Gaussian width (1/beta) of 0.384195 nm for Ewald
Potential shift: LJ r^-12: -2.648e-01 r^-6: -5.349e-01, Ewald -8.333e-06
Initialized non-bonded Ewald correction tables, spacing: 1.02e-03 size: 1176

Generated table with 1160 data points for 1-4 COUL.
Tabscale = 500 points/nm
Generated table with 1160 data points for 1-4 LJ6.
Tabscale = 500 points/nm
Generated table with 1160 data points for 1-4 LJ12.
Tabscale = 500 points/nm

Using SIMD 4x4 nonbonded short-range kernels

Using a dual 4x4 pair-list setup updated with dynamic pruning:
  outer list: updated every 80 steps, buffer 0.120 nm, rlist 1.320 nm
  inner list: updated every 13 steps, buffer 0.002 nm, rlist 1.202 nm
At tolerance 0.005 kJ/mol/ps per atom, equivalent classical 1x1 list would be:
  outer list: updated every 80 steps, buffer 0.264 nm, rlist 1.464 nm
  inner list: updated every 13 steps, buffer 0.052 nm, rlist 1.252 nm


Initializing LINear Constraint Solver

++++ PLEASE READ AND CITE THE FOLLOWING REFERENCE ++++
B. Hess and H. Bekker and H. J. C. Berendsen and J. G. E. M. Fraaije
LINCS: A Linear Constraint Solver for molecular simulations
J. Comp. Chem. 18 (1997) pp. 1463-1472
-------- -------- --- Thank You --- -------- --------

The number of constraints is 73

++++ PLEASE READ AND CITE THE FOLLOWING REFERENCE ++++
S. Miyamoto and P. A. Kollman
SETTLE: An Analytical Version of the SHAKE and RATTLE Algorithms for Rigid
Water Models
J. Comp. Chem. 13 (1992) pp. 952-962
-------- -------- --- Thank You --- -------- --------


Linking all bonded interactions to atoms


Intra-simulation communication will occur every 10 steps.
Center of mass motion removal mode is Linear
We have the following groups for center of mass motion removal:
  0:  rest

++++ PLEASE READ AND CITE THE FOLLOWING REFERENCE ++++
G. Bussi, D. Donadio and M. Parrinello
Canonical sampling through velocity rescaling
J. Chem. Phys. 126 (2007) pp. 014101
-------- -------- --- Thank You --- -------- --------

There are: 8931 Atoms
Atom distribution over 4 domains: av 2232 stddev 61 min 2212 max 2260

Started mdrun on rank 0 Fri May 15 10:46:05 2026

           Step           Time
              0        0.00000

   Energies (kJ/mol)
           Bond          Angle    Proper Dih.  Improper Dih.          LJ-14
    1.35618e+02    2.53396e+02    3.67059e+02    1.20939e+01    1.96193e+02
     Coulomb-14        LJ (SR)   Coulomb (SR)   Coul. recip. Position Rest.
    2.45973e+03    1.77103e+04   -1.39843e+05    4.03442e+02    1.21667e-02
      Potential    Kinetic En.   Total Energy  Conserved En.    Temperature
   -1.18305e+05    2.22614e+04   -9.60440e+04   -9.60385e+04    2.98255e+02
 Pressure (bar)   Constr. rmsd
   -1.75518e+02    1.56366e-06


DD  step 79 load imb.: force  8.9%

step 240 Turning on dynamic load balancing, because the performance loss due to load imbalance is 4.0 %.
           Step           Time
            500        1.00000

   Energies (kJ/mol)
           Bond          Angle    Proper Dih.  Improper Dih.          LJ-14
    9.67224e+01    3.42607e+02    3.74086e+02    2.19996e+01    1.80739e+02
     Coulomb-14        LJ (SR)   Coulomb (SR)   Coul. recip. Position Rest.
    2.46896e+03    1.80337e+04   -1.40178e+05    4.25812e+02    5.03702e+01
      Potential    Kinetic En.   Total Energy  Conserved En.    Temperature
   -1.18183e+05    2.22607e+04   -9.59223e+04   -9.60292e+04    2.98245e+02
 Pressure (bar)   Constr. rmsd
    7.29004e+00    1.91286e-06

           Step           Time
           1000        2.00000

   Energies (kJ/mol)
           Bond          Angle    Proper Dih.  Improper Dih.          LJ-14
    1.33163e+02    3.56233e+02    3.59929e+02    1.01627e+01    1.75828e+02
     Coulomb-14        LJ (SR)   Coulomb (SR)   Coul. recip. Position Rest.
    2.41074e+03    1.81618e+04   -1.40392e+05    4.26067e+02    3.74665e+01
      Potential    Kinetic En.   Total Energy  Conserved En.    Temperature
   -1.18320e+05    2.23152e+04   -9.60053e+04   -9.60211e+04    2.98975e+02
 Pressure (bar)   Constr. rmsd
    1.87293e+02    2.51480e-06

           Step           Time
           1500        3.00000

   Energies (kJ/mol)
           Bond          Angle    Proper Dih.  Improper Dih.          LJ-14
    1.31536e+02    2.67284e+02    3.67375e+02    2.11247e+01    1.69591e+02
     Coulomb-14        LJ (SR)   Coulomb (SR)   Coul. recip. Position Rest.
    2.44230e+03    1.81561e+04   -1.40531e+05    3.90395e+02    4.00313e+01
      Potential    Kinetic En.   Total Energy  Conserved En.    Temperature
   -1.18545e+05    2.23661e+04   -9.61788e+04   -9.60241e+04    2.99657e+02
 Pressure (bar)   Constr. rmsd
    4.08914e+01    1.63297e-06


DD  step 1999  vol min/aver 0.976  load imb.: force  1.2%
           Step           Time
           2000        4.00000

   Energies (kJ/mol)
           Bond          Angle    Proper Dih.  Improper Dih.          LJ-14
    1.25690e+02    2.78663e+02    3.70401e+02    1.84537e+01    1.88772e+02
     Coulomb-14        LJ (SR)   Coulomb (SR)   Coul. recip. Position Rest.
    2.42539e+03    1.73363e+04   -1.39390e+05    4.25337e+02    4.14493e+01
      Potential    Kinetic En.   Total Energy  Conserved En.    Temperature
   -1.18180e+05    2.23981e+04   -9.57815e+04   -9.60304e+04    3.00086e+02
 Pressure (bar)   Constr. rmsd
   -2.78271e+02    2.23984e-06

           Step           Time
           2500        5.00000

   Energies (kJ/mol)
           Bond          Angle    Proper Dih.  Improper Dih.          LJ-14
    1.27307e+02    3.25434e+02    3.57070e+02    2.23461e+01    1.72237e+02
     Coulomb-14        LJ (SR)   Coulomb (SR)   Coul. recip. Position Rest.
    2.41877e+03    1.79358e+04   -1.40348e+05    4.22631e+02    4.08837e+01
      Potential    Kinetic En.   Total Energy  Conserved En.    Temperature
   -1.18526e+05    2.23950e+04   -9.61309e+04   -9.60188e+04    3.00045e+02
 Pressure (bar)   Constr. rmsd
   -3.01455e+01    1.66167e-06

           Step           Time
           3000        6.00000

   Energies (kJ/mol)
           Bond          Angle    Proper Dih.  Improper Dih.          LJ-14
    1.38809e+02    3.17298e+02    3.84601e+02    8.38441e+00    1.81623e+02
     Coulomb-14        LJ (SR)   Coulomb (SR)   Coul. recip. Position Rest.
    2.42495e+03    1.76863e+04   -1.39710e+05    4.12062e+02    4.83812e+01
      Potential    Kinetic En.   Total Energy  Conserved En.    Temperature
   -1.18107e+05    2.19552e+04   -9.61520e+04   -9.60119e+04    2.94153e+02
 Pressure (bar)   Constr. rmsd
   -1.34694e+02    1.48070e-06

           Step           Time
           3500        7.00000

   Energies (kJ/mol)
           Bond          Angle    Proper Dih.  Improper Dih.          LJ-14
    1.42571e+02    3.28425e+02    3.60703e+02    2.20837e+01    1.76438e+02
     Coulomb-14        LJ (SR)   Coulomb (SR)   Coul. recip. Position Rest.
    2.41765e+03    1.77864e+04   -1.39827e+05    4.25513e+02    5.14681e+01
      Potential    Kinetic En.   Total Energy  Conserved En.    Temperature
   -1.18116e+05    2.22207e+04   -9.58949e+04   -9.60167e+04    2.97709e+02
 Pressure (bar)   Constr. rmsd
   -1.57745e+01    3.42555e-06


DD  step 3999  vol min/aver 0.977  load imb.: force  1.3%
           Step           Time
           4000        8.00000

   Energies (kJ/mol)
           Bond          Angle    Proper Dih.  Improper Dih.          LJ-14
    1.50453e+02    2.54171e+02    3.58268e+02    2.03477e+01    1.73663e+02
     Coulomb-14        LJ (SR)   Coulomb (SR)   Coul. recip. Position Rest.
    2.41954e+03    1.89648e+04   -1.41088e+05    3.84048e+02    4.90098e+01
      Potential    Kinetic En.   Total Energy  Conserved En.    Temperature
   -1.18314e+05    2.25480e+04   -9.57658e+04   -9.60270e+04    3.02095e+02
 Pressure (bar)   Constr. rmsd
    6.38849e+02    1.68642e-06

           Step           Time
           4500        9.00000

   Energies (kJ/mol)
           Bond          Angle    Proper Dih.  Improper Dih.          LJ-14
    1.41030e+02    2.69305e+02    3.82610e+02    1.34029e+01    1.86829e+02
     Coulomb-14        LJ (SR)   Coulomb (SR)   Coul. recip. Position Rest.
    2.38963e+03    1.71879e+04   -1.39358e+05    3.98042e+02    3.33725e+01
      Potential    Kinetic En.   Total Energy  Conserved En.    Temperature
   -1.18356e+05    2.23590e+04   -9.59968e+04   -9.60193e+04    2.99562e+02
 Pressure (bar)   Constr. rmsd
   -4.04611e+02    1.36810e-06


step 4800 Turning off dynamic load balancing, because it is degrading performance.
Atom distribution over 4 domains: av 2232 stddev 62 min 2208 max 2263
           Step           Time
           5000       10.00000

   Energies (kJ/mol)
           Bond          Angle    Proper Dih.  Improper Dih.          LJ-14
    1.49065e+02    3.00240e+02    3.82119e+02    1.28741e+01    1.77594e+02
     Coulomb-14        LJ (SR)   Coulomb (SR)   Coul. recip. Position Rest.
    2.36956e+03    1.79357e+04   -1.40625e+05    4.07779e+02    4.51143e+01
      Potential    Kinetic En.   Total Energy  Conserved En.    Temperature
   -1.18845e+05    2.24422e+04   -9.64024e+04   -9.60164e+04    3.00677e+02
 Pressure (bar)   Constr. rmsd
   -1.37424e+02    1.82743e-06

           Step           Time
           5500       11.00000

   Energies (kJ/mol)
           Bond          Angle    Proper Dih.  Improper Dih.          LJ-14
    1.51888e+02    3.15528e+02    3.57435e+02    1.34764e+01    1.78931e+02
     Coulomb-14        LJ (SR)   Coulomb (SR)   Coul. recip. Position Rest.
    2.43166e+03    1.76010e+04   -1.39503e+05    4.11339e+02    4.00332e+01
      Potential    Kinetic En.   Total Energy  Conserved En.    Temperature
   -1.18002e+05    2.25009e+04   -9.55009e+04   -9.60030e+04    3.01463e+02
 Pressure (bar)   Constr. rmsd
   -9.42936e+01    1.57406e-06


DD  step 5999 load imb.: force  3.3%
           Step           Time
           6000       12.00000

   Energies (kJ/mol)
           Bond          Angle    Proper Dih.  Improper Dih.          LJ-14
    1.27307e+02    3.30227e+02    3.71717e+02    2.22865e+01    1.62946e+02
     Coulomb-14        LJ (SR)   Coulomb (SR)   Coul. recip. Position Rest.
    2.37377e+03    1.81547e+04   -1.39949e+05    3.80888e+02    4.94565e+01
      Potential    Kinetic En.   Total Energy  Conserved En.    Temperature
   -1.17976e+05    2.23944e+04   -9.55815e+04   -9.60101e+04    3.00036e+02
 Pressure (bar)   Constr. rmsd
    3.44048e+02    1.14669e-06

           Step           Time
           6500       13.00000

   Energies (kJ/mol)
           Bond          Angle    Proper Dih.  Improper Dih.          LJ-14
    1.56470e+02    2.89701e+02    3.58813e+02    2.20530e+01    1.87511e+02
     Coulomb-14        LJ (SR)   Coulomb (SR)   Coul. recip. Position Rest.
    2.41875e+03    1.82128e+04   -1.40136e+05    3.79518e+02    3.31315e+01
      Potential    Kinetic En.   Total Energy  Conserved En.    Temperature
   -1.18078e+05    2.25058e+04   -9.55719e+04   -9.60104e+04    3.01528e+02
 Pressure (bar)   Constr. rmsd
    3.57823e+02    1.73055e-06

           Step           Time
           7000       14.00000

   Energies (kJ/mol)
           Bond          Angle    Proper Dih.  Improper Dih.          LJ-14
    1.35798e+02    2.95633e+02    3.81732e+02    2.81518e+01    1.67949e+02
     Coulomb-14        LJ (SR)   Coulomb (SR)   Coul. recip. Position Rest.
    2.41309e+03    1.67514e+04   -1.39093e+05    3.76211e+02    4.36280e+01
      Potential    Kinetic En.   Total Energy  Conserved En.    Temperature
   -1.18500e+05    2.27201e+04   -9.57796e+04   -9.60117e+04    3.04401e+02
 Pressure (bar)   Constr. rmsd
   -9.17813e+02    4.94013e-06

           Step           Time
           7500       15.00000

   Energies (kJ/mol)
           Bond          Angle    Proper Dih.  Improper Dih.          LJ-14
    1.48472e+02    2.47374e+02    3.55514e+02    1.41422e+01    1.92283e+02
     Coulomb-14        LJ (SR)   Coulomb (SR)   Coul. recip. Position Rest.
    2.42396e+03    1.77254e+04   -1.39501e+05    4.27093e+02    4.66787e+01
      Potential    Kinetic En.   Total Energy  Conserved En.    Temperature
   -1.17920e+05    2.22203e+04   -9.56994e+04   -9.60100e+04    2.97703e+02
 Pressure (bar)   Constr. rmsd
    8.84150e+01    2.32827e-06


DD  step 7999 load imb.: force  3.5%
           Step           Time
           8000       16.00000

   Energies (kJ/mol)
           Bond          Angle    Proper Dih.  Improper Dih.          LJ-14
    1.23539e+02    2.93988e+02    3.49293e+02    6.85314e+00    1.71400e+02
     Coulomb-14        LJ (SR)   Coulomb (SR)   Coul. recip. Position Rest.
    2.42726e+03    1.76308e+04   -1.40092e+05    4.33303e+02    4.97795e+01
      Potential    Kinetic En.   Total Energy  Conserved En.    Temperature
   -1.18606e+05    2.23852e+04   -9.62206e+04   -9.60025e+04    2.99913e+02
 Pressure (bar)   Constr. rmsd
   -1.16601e+02    2.00041e-06

           Step           Time
           8500       17.00000

   Energies (kJ/mol)
           Bond          Angle    Proper Dih.  Improper Dih.          LJ-14
    1.52353e+02    2.94273e+02    3.49448e+02    2.30625e+01    1.83944e+02
     Coulomb-14        LJ (SR)   Coulomb (SR)   Coul. recip. Position Rest.
    2.42562e+03    1.80411e+04   -1.40148e+05    4.25909e+02    4.88153e+01
      Potential    Kinetic En.   Total Energy  Conserved En.    Temperature
   -1.18203e+05    2.21213e+04   -9.60819e+04   -9.59920e+04    2.96378e+02
 Pressure (bar)   Constr. rmsd
    2.56848e+02    1.87575e-06

           Step           Time
           9000       18.00000

   Energies (kJ/mol)
           Bond          Angle    Proper Dih.  Improper Dih.          LJ-14
    1.21284e+02    2.53625e+02    3.81671e+02    1.92677e+01    1.94728e+02
     Coulomb-14        LJ (SR)   Coulomb (SR)   Coul. recip. Position Rest.
    2.39007e+03    1.82349e+04   -1.40313e+05    3.95361e+02    5.27094e+01
      Potential    Kinetic En.   Total Energy  Conserved En.    Temperature
   -1.18269e+05    2.24230e+04   -9.58464e+04   -9.59979e+04    3.00420e+02
 Pressure (bar)   Constr. rmsd
    3.76400e+02    1.58492e-06

           Step           Time
           9500       19.00000

   Energies (kJ/mol)
           Bond          Angle    Proper Dih.  Improper Dih.          LJ-14
    1.43169e+02    2.92234e+02    3.77130e+02    1.29174e+01    1.82270e+02
     Coulomb-14        LJ (SR)   Coulomb (SR)   Coul. recip. Position Rest.
    2.44386e+03    1.69892e+04   -1.38960e+05    3.97578e+02    4.06822e+01
      Potential    Kinetic En.   Total Energy  Conserved En.    Temperature
   -1.18081e+05    2.21228e+04   -9.59578e+04   -9.59944e+04    2.96397e+02
 Pressure (bar)   Constr. rmsd
   -4.31424e+02    1.57610e-06


DD  step 9999 load imb.: force  2.3%
           Step           Time
          10000       20.00000

   Energies (kJ/mol)
           Bond          Angle    Proper Dih.  Improper Dih.          LJ-14
    1.37542e+02    3.04914e+02    3.78731e+02    1.76600e+01    1.86234e+02
     Coulomb-14        LJ (SR)   Coulomb (SR)   Coul. recip. Position Rest.
    2.41846e+03    1.80879e+04   -1.40055e+05    4.00451e+02    4.50997e+01
      Potential    Kinetic En.   Total Energy  Conserved En.    Temperature
   -1.18078e+05    2.20690e+04   -9.60090e+04   -9.59926e+04    2.95677e+02
 Pressure (bar)   Constr. rmsd
    1.35095e+02    2.00564e-06

           Step           Time
          10500       21.00000

   Energies (kJ/mol)
           Bond          Angle    Proper Dih.  Improper Dih.          LJ-14
    1.16886e+02    2.53991e+02    3.64513e+02    2.20943e+01    1.72157e+02
     Coulomb-14        LJ (SR)   Coulomb (SR)   Coul. recip. Position Rest.
    2.42348e+03    1.85063e+04   -1.40511e+05    4.23455e+02    3.25418e+01
      Potential    Kinetic En.   Total Energy  Conserved En.    Temperature
   -1.18196e+05    2.23192e+04   -9.58765e+04   -9.59945e+04    2.99028e+02
 Pressure (bar)   Constr. rmsd
    2.11738e+02    1.35939e-06

           Step           Time
          11000       22.00000

   Energies (kJ/mol)
           Bond          Angle    Proper Dih.  Improper Dih.          LJ-14
    1.43810e+02    2.77113e+02    3.64333e+02    2.20183e+01    1.93181e+02
     Coulomb-14        LJ (SR)   Coulomb (SR)   Coul. recip. Position Rest.
    2.46956e+03    1.76867e+04   -1.40071e+05    4.06169e+02    5.35961e+01
      Potential    Kinetic En.   Total Energy  Conserved En.    Temperature
   -1.18455e+05    2.24824e+04   -9.59726e+04   -9.59945e+04    3.01215e+02
 Pressure (bar)   Constr. rmsd
   -1.54134e+02    1.28646e-06

           Step           Time
          11500       23.00000

   Energies (kJ/mol)
           Bond          Angle    Proper Dih.  Improper Dih.          LJ-14
    1.30525e+02    3.40206e+02    3.71925e+02    1.60223e+01    1.65844e+02
     Coulomb-14        LJ (SR)   Coulomb (SR)   Coul. recip. Position Rest.
    2.38215e+03    1.78656e+04   -1.40152e+05    4.25873e+02    3.45831e+01
      Potential    Kinetic En.   Total Energy  Conserved En.    Temperature
   -1.18419e+05    2.23186e+04   -9.61008e+04   -9.59896e+04    2.99022e+02
 Pressure (bar)   Constr. rmsd
   -1.55225e+02    1.66849e-06


DD  step 11999 load imb.: force  3.3%
           Step           Time
          12000       24.00000

   Energies (kJ/mol)
           Bond          Angle    Proper Dih.  Improper Dih.          LJ-14
    1.41606e+02    2.79501e+02    3.66493e+02    1.48828e+01    1.77423e+02
     Coulomb-14        LJ (SR)   Coulomb (SR)   Coul. recip. Position Rest.
    2.42697e+03    1.79254e+04   -1.40204e+05    4.20060e+02    4.34422e+01
      Potential    Kinetic En.   Total Energy  Conserved En.    Temperature
   -1.18408e+05    2.23529e+04   -9.60550e+04   -9.59928e+04    2.99480e+02
 Pressure (bar)   Constr. rmsd
    4.39443e+01    1.52674e-06

           Step           Time
          12500       25.00000

   Energies (kJ/mol)
           Bond          Angle    Proper Dih.  Improper Dih.          LJ-14
    1.34765e+02    2.85306e+02    3.76215e+02    9.48594e+00    1.82393e+02
     Coulomb-14        LJ (SR)   Coulomb (SR)   Coul. recip. Position Rest.
    2.43434e+03    1.75875e+04   -1.40120e+05    4.31710e+02    5.21338e+01
      Potential    Kinetic En.   Total Energy  Conserved En.    Temperature
   -1.18626e+05    2.22316e+04   -9.63947e+04   -9.59869e+04    2.97856e+02
 Pressure (bar)   Constr. rmsd
   -3.44849e+02    1.88657e-06

           Step           Time
          13000       26.00000

   Energies (kJ/mol)
           Bond          Angle    Proper Dih.  Improper Dih.          LJ-14
    1.58711e+02    2.64384e+02    4.09801e+02    2.51383e+01    1.78935e+02
     Coulomb-14        LJ (SR)   Coulomb (SR)   Coul. recip. Position Rest.
    2.42614e+03    1.83703e+04   -1.40650e+05    3.98250e+02    6.22892e+01
      Potential    Kinetic En.   Total Energy  Conserved En.    Temperature
   -1.18356e+05    2.23133e+04   -9.60428e+04   -9.59836e+04    2.98950e+02
 Pressure (bar)   Constr. rmsd
    2.22724e+02    1.63923e-06

           Step           Time
          13500       27.00000

   Energies (kJ/mol)
           Bond          Angle    Proper Dih.  Improper Dih.          LJ-14
    1.01002e+02    2.86633e+02    3.84032e+02    2.28098e+01    1.87316e+02
     Coulomb-14        LJ (SR)   Coulomb (SR)   Coul. recip. Position Rest.
    2.45849e+03    1.84629e+04   -1.40528e+05    4.16860e+02    6.16439e+01
      Potential    Kinetic En.   Total Energy  Conserved En.    Temperature
   -1.18147e+05    2.23662e+04   -9.57804e+04   -9.59875e+04    2.99658e+02
 Pressure (bar)   Constr. rmsd
    6.24908e+02    1.48848e-06


DD  step 13999 load imb.: force  1.1%
           Step           Time
          14000       28.00000

   Energies (kJ/mol)
           Bond          Angle    Proper Dih.  Improper Dih.          LJ-14
    1.39963e+02    3.40502e+02    3.82191e+02    2.49355e+01    1.82276e+02
     Coulomb-14        LJ (SR)   Coulomb (SR)   Coul. recip. Position Rest.
    2.42128e+03    1.79065e+04   -1.39432e+05    4.18063e+02    6.11293e+01
      Potential    Kinetic En.   Total Energy  Conserved En.    Temperature
   -1.17555e+05    2.20588e+04   -9.54964e+04   -9.59757e+04    2.95541e+02
 Pressure (bar)   Constr. rmsd
    1.11292e+02    1.32794e-06

           Step           Time
          14500       29.00000

   Energies (kJ/mol)
           Bond          Angle    Proper Dih.  Improper Dih.          LJ-14
    1.41763e+02    3.10171e+02    3.57702e+02    2.10735e+01    1.83309e+02
     Coulomb-14        LJ (SR)   Coulomb (SR)   Coul. recip. Position Rest.
    2.47129e+03    1.76391e+04   -1.39664e+05    4.24828e+02    3.98643e+01
      Potential    Kinetic En.   Total Energy  Conserved En.    Temperature
   -1.18075e+05    2.22355e+04   -9.58394e+04   -9.59731e+04    2.97908e+02
 Pressure (bar)   Constr. rmsd
   -1.86376e+02    1.95610e-06

           Step           Time
          15000       30.00000

   Energies (kJ/mol)
           Bond          Angle    Proper Dih.  Improper Dih.          LJ-14
    1.79195e+02    3.15475e+02    3.82094e+02    1.14539e+01    1.81211e+02
     Coulomb-14        LJ (SR)   Coulomb (SR)   Coul. recip. Position Rest.
    2.41596e+03    1.76630e+04   -1.39741e+05    4.06039e+02    5.34086e+01
      Potential    Kinetic En.   Total Energy  Conserved En.    Temperature
   -1.18133e+05    2.23135e+04   -9.58198e+04   -9.59742e+04    2.98952e+02
 Pressure (bar)   Constr. rmsd
   -6.62575e+01    2.79616e-06

           Step           Time
          15500       31.00000

   Energies (kJ/mol)
           Bond          Angle    Proper Dih.  Improper Dih.          LJ-14
    1.39311e+02    3.56006e+02    3.51243e+02    8.67221e+00    1.85314e+02
     Coulomb-14        LJ (SR)   Coulomb (SR)   Coul. recip. Position Rest.
    2.39593e+03    1.79346e+04   -1.39889e+05    4.08685e+02    5.18025e+01
      Potential    Kinetic En.   Total Energy  Conserved En.    Temperature
   -1.18057e+05    2.22788e+04   -9.57783e+04   -9.59669e+04    2.98488e+02
 Pressure (bar)   Constr. rmsd
    1.23359e+02    3.29615e-06


DD  step 15999 load imb.: force  2.5%
           Step           Time
          16000       32.00000

   Energies (kJ/mol)
           Bond          Angle    Proper Dih.  Improper Dih.          LJ-14
    1.47357e+02    3.17964e+02    3.86945e+02    1.82117e+01    1.85829e+02
     Coulomb-14        LJ (SR)   Coulomb (SR)   Coul. recip. Position Rest.
    2.45340e+03    1.77059e+04   -1.40030e+05    3.84253e+02    3.88710e+01
      Potential    Kinetic En.   Total Energy  Conserved En.    Temperature
   -1.18391e+05    2.28169e+04   -9.55739e+04   -9.59790e+04    3.05697e+02
 Pressure (bar)   Constr. rmsd
   -9.82412e+01    1.95104e-06

           Step           Time
          16500       33.00000

   Energies (kJ/mol)
           Bond          Angle    Proper Dih.  Improper Dih.          LJ-14
    1.20840e+02    2.84753e+02    3.74621e+02    2.65404e+01    1.86723e+02
     Coulomb-14        LJ (SR)   Coulomb (SR)   Coul. recip. Position Rest.
    2.41273e+03    1.81671e+04   -1.40659e+05    4.07037e+02    6.90543e+01
      Potential    Kinetic En.   Total Energy  Conserved En.    Temperature
   -1.18609e+05    2.26138e+04   -9.59955e+04   -9.59722e+04    3.02976e+02
 Pressure (bar)   Constr. rmsd
    1.55587e+02    3.18131e-06

           Step           Time
          17000       34.00000

   Energies (kJ/mol)
           Bond          Angle    Proper Dih.  Improper Dih.          LJ-14
    1.32805e+02    3.08941e+02    3.95438e+02    2.79553e+01    1.75802e+02
     Coulomb-14        LJ (SR)   Coulomb (SR)   Coul. recip. Position Rest.
    2.42344e+03    1.77592e+04   -1.39834e+05    3.96113e+02    6.85794e+01
      Potential    Kinetic En.   Total Energy  Conserved En.    Temperature
   -1.18146e+05    2.24811e+04   -9.56647e+04   -9.59757e+04    3.01198e+02
 Pressure (bar)   Constr. rmsd
    2.44486e+01    2.62300e-06

           Step           Time
          17500       35.00000

   Energies (kJ/mol)
           Bond          Angle    Proper Dih.  Improper Dih.          LJ-14
    1.37011e+02    3.24740e+02    3.78598e+02    1.73341e+01    1.98351e+02
     Coulomb-14        LJ (SR)   Coulomb (SR)   Coul. recip. Position Rest.
    2.43246e+03    1.73586e+04   -1.39283e+05    3.63812e+02    4.57054e+01
      Potential    Kinetic En.   Total Energy  Conserved En.    Temperature
   -1.18026e+05    2.23721e+04   -9.56541e+04   -9.59741e+04    2.99738e+02
 Pressure (bar)   Constr. rmsd
   -2.83023e+02    1.80533e-06


DD  step 17999 load imb.: force  1.6%
           Step           Time
          18000       36.00000

   Energies (kJ/mol)
           Bond          Angle    Proper Dih.  Improper Dih.          LJ-14
    1.30143e+02    3.28785e+02    4.04429e+02    2.67700e+01    1.77060e+02
     Coulomb-14        LJ (SR)   Coulomb (SR)   Coul. recip. Position Rest.
    2.38493e+03    1.79821e+04   -1.40072e+05    3.92479e+02    3.91803e+01
      Potential    Kinetic En.   Total Energy  Conserved En.    Temperature
   -1.18206e+05    2.23588e+04   -9.58473e+04   -9.59735e+04    2.99559e+02
 Pressure (bar)   Constr. rmsd
    1.46676e+02    2.45318e-06

           Step           Time
          18500       37.00000

   Energies (kJ/mol)
           Bond          Angle    Proper Dih.  Improper Dih.          LJ-14
    1.25140e+02    3.12105e+02    3.91390e+02    1.70564e+01    1.84856e+02
     Coulomb-14        LJ (SR)   Coulomb (SR)   Coul. recip. Position Rest.
    2.41792e+03    1.84413e+04   -1.40569e+05    4.11234e+02    3.42937e+01
      Potential    Kinetic En.   Total Energy  Conserved En.    Temperature
   -1.18234e+05    2.24395e+04   -9.57942e+04   -9.59682e+04    3.00640e+02
 Pressure (bar)   Constr. rmsd
    3.75348e+02    2.69146e-06

           Step           Time
          19000       38.00000

   Energies (kJ/mol)
           Bond          Angle    Proper Dih.  Improper Dih.          LJ-14
    1.53142e+02    2.96647e+02    3.92546e+02    1.79087e+01    1.76273e+02
     Coulomb-14        LJ (SR)   Coulomb (SR)   Coul. recip. Position Rest.
    2.45164e+03    1.72819e+04   -1.39308e+05    4.67658e+02    5.26445e+01
      Potential    Kinetic En.   Total Energy  Conserved En.    Temperature
   -1.18017e+05    2.21685e+04   -9.58487e+04   -9.59684e+04    2.97010e+02
 Pressure (bar)   Constr. rmsd
   -3.11918e+02    2.06796e-06

           Step           Time
          19500       39.00000

   Energies (kJ/mol)
           Bond          Angle    Proper Dih.  Improper Dih.          LJ-14
    1.08232e+02    3.05226e+02    3.63931e+02    1.46350e+01    1.87582e+02
     Coulomb-14        LJ (SR)   Coulomb (SR)   Coul. recip. Position Rest.
    2.43945e+03    1.75621e+04   -1.39270e+05    3.88448e+02    3.70949e+01
      Potential    Kinetic En.   Total Energy  Conserved En.    Temperature
   -1.17863e+05    2.20988e+04   -9.57645e+04   -9.59682e+04    2.96076e+02
 Pressure (bar)   Constr. rmsd
    1.61741e+01    1.98773e-06


DD  step 19999 load imb.: force  2.7%
           Step           Time
          20000       40.00000

   Energies (kJ/mol)
           Bond          Angle    Proper Dih.  Improper Dih.          LJ-14
    1.37837e+02    2.65540e+02    3.72548e+02    2.34014e+01    1.84564e+02
     Coulomb-14        LJ (SR)   Coulomb (SR)   Coul. recip. Position Rest.
    2.44202e+03    1.82672e+04   -1.40371e+05    4.27688e+02    5.11307e+01
      Potential    Kinetic En.   Total Energy  Conserved En.    Temperature
   -1.18199e+05    2.21441e+04   -9.60551e+04   -9.59643e+04    2.96682e+02
 Pressure (bar)   Constr. rmsd
    1.80321e+02    2.21263e-06

           Step           Time
          20500       41.00000

   Energies (kJ/mol)
           Bond          Angle    Proper Dih.  Improper Dih.          LJ-14
    1.15169e+02    2.45232e+02    3.85348e+02    1.59473e+01    1.86837e+02
     Coulomb-14        LJ (SR)   Coulomb (SR)   Coul. recip. Position Rest.
    2.42710e+03    1.80971e+04   -1.40182e+05    3.81527e+02    2.75471e+01
      Potential    Kinetic En.   Total Energy  Conserved En.    Temperature
   -1.18300e+05    2.20819e+04   -9.62183e+04   -9.59616e+04    2.95850e+02
 Pressure (bar)   Constr. rmsd
    1.36759e+02    2.20473e-06

           Step           Time
          21000       42.00000

   Energies (kJ/mol)
           Bond          Angle    Proper Dih.  Improper Dih.          LJ-14
    1.12938e+02    2.90226e+02    3.68719e+02    1.68145e+01    1.77172e+02
     Coulomb-14        LJ (SR)   Coulomb (SR)   Coul. recip. Position Rest.
    2.43790e+03    1.77096e+04   -1.39828e+05    3.91288e+02    6.81070e+01
      Potential    Kinetic En.   Total Energy  Conserved En.    Temperature
   -1.18255e+05    2.21135e+04   -9.61416e+04   -9.59627e+04    2.96273e+02
 Pressure (bar)   Constr. rmsd
    1.45385e+02    1.41417e-06

           Step           Time
          21500       43.00000

   Energies (kJ/mol)
           Bond          Angle    Proper Dih.  Improper Dih.          LJ-14
    1.25944e+02    2.81781e+02    3.66067e+02    1.83623e+01    1.86180e+02
     Coulomb-14        LJ (SR)   Coulomb (SR)   Coul. recip. Position Rest.
    2.48660e+03    1.77299e+04   -1.40062e+05    4.09379e+02    3.97516e+01
      Potential    Kinetic En.   Total Energy  Conserved En.    Temperature
   -1.18418e+05    2.23339e+04   -9.60842e+04   -9.59612e+04    2.99226e+02
 Pressure (bar)   Constr. rmsd
   -1.35652e+02    2.35534e-06


DD  step 21999 load imb.: force  1.6%
           Step           Time
          22000       44.00000

   Energies (kJ/mol)
           Bond          Angle    Proper Dih.  Improper Dih.          LJ-14
    1.11958e+02    2.59756e+02    3.80691e+02    2.13198e+01    1.74698e+02
     Coulomb-14        LJ (SR)   Coulomb (SR)   Coul. recip. Position Rest.
    2.41920e+03    1.80381e+04   -1.39885e+05    3.91704e+02    4.40153e+01
      Potential    Kinetic En.   Total Energy  Conserved En.    Temperature
   -1.18044e+05    2.21144e+04   -9.59293e+04   -9.59642e+04    2.96284e+02
 Pressure (bar)   Constr. rmsd
    5.46895e+01    3.44472e-06

           Step           Time
          22500       45.00000

   Energies (kJ/mol)
           Bond          Angle    Proper Dih.  Improper Dih.          LJ-14
    1.18607e+02    3.18389e+02    3.60621e+02    2.04971e+01    1.88372e+02
     Coulomb-14        LJ (SR)   Coulomb (SR)   Coul. recip. Position Rest.
    2.41734e+03    1.76501e+04   -1.40048e+05    3.87118e+02    3.65254e+01
      Potential    Kinetic En.   Total Energy  Conserved En.    Temperature
   -1.18550e+05    2.20935e+04   -9.64565e+04   -9.59554e+04    2.96005e+02
 Pressure (bar)   Constr. rmsd
   -1.20253e+02    2.70711e-06

           Step           Time
          23000       46.00000

   Energies (kJ/mol)
           Bond          Angle    Proper Dih.  Improper Dih.          LJ-14
    1.11844e+02    3.15679e+02    3.42829e+02    1.44794e+01    1.68482e+02
     Coulomb-14        LJ (SR)   Coulomb (SR)   Coul. recip. Position Rest.
    2.42698e+03    1.80505e+04   -1.40738e+05    4.06898e+02    4.66213e+01
      Potential    Kinetic En.   Total Energy  Conserved En.    Temperature
   -1.18854e+05    2.27188e+04   -9.61347e+04   -9.59613e+04    3.04383e+02
 Pressure (bar)   Constr. rmsd
    6.02541e+01    1.28436e-06

           Step           Time
          23500       47.00000

   Energies (kJ/mol)
           Bond          Angle    Proper Dih.  Improper Dih.          LJ-14
    1.53724e+02    3.18031e+02    3.64244e+02    1.53585e+01    1.67266e+02
     Coulomb-14        LJ (SR)   Coulomb (SR)   Coul. recip. Position Rest.
    2.40018e+03    1.79909e+04   -1.40443e+05    3.85383e+02    4.08980e+01
      Potential    Kinetic En.   Total Energy  Conserved En.    Temperature
   -1.18607e+05    2.23884e+04   -9.62185e+04   -9.59541e+04    2.99956e+02
 Pressure (bar)   Constr. rmsd
    2.20831e+01    1.91622e-06


DD  step 23999 load imb.: force  0.7%
           Step           Time
          24000       48.00000

   Energies (kJ/mol)
           Bond          Angle    Proper Dih.  Improper Dih.          LJ-14
    1.53008e+02    3.19740e+02    3.60221e+02    2.23182e+01    1.87899e+02
     Coulomb-14        LJ (SR)   Coulomb (SR)   Coul. recip. Position Rest.
    2.41293e+03    1.80350e+04   -1.40626e+05    3.86565e+02    5.08584e+01
      Potential    Kinetic En.   Total Energy  Conserved En.    Temperature
   -1.18697e+05    2.20908e+04   -9.66067e+04   -9.59454e+04    2.95969e+02
 Pressure (bar)   Constr. rmsd
    3.76881e+00    2.96307e-06

           Step           Time
          24500       49.00000

   Energies (kJ/mol)
           Bond          Angle    Proper Dih.  Improper Dih.          LJ-14
    1.39303e+02    3.12332e+02    3.63782e+02    1.89299e+01    1.66404e+02
     Coulomb-14        LJ (SR)   Coulomb (SR)   Coul. recip. Position Rest.
    2.43722e+03    1.80059e+04   -1.40241e+05    3.76420e+02    4.59149e+01
      Potential    Kinetic En.   Total Energy  Conserved En.    Temperature
   -1.18375e+05    2.19551e+04   -9.64199e+04   -9.59512e+04    2.94151e+02
 Pressure (bar)   Constr. rmsd
    4.64237e+01    2.65985e-06

           Step           Time
          25000       50.00000

   Energies (kJ/mol)
           Bond          Angle    Proper Dih.  Improper Dih.          LJ-14
    1.08158e+02    3.17335e+02    3.80669e+02    1.32521e+01    1.85161e+02
     Coulomb-14        LJ (SR)   Coulomb (SR)   Coul. recip. Position Rest.
    2.44784e+03    1.84176e+04   -1.40454e+05    4.27467e+02    4.10116e+01
      Potential    Kinetic En.   Total Energy  Conserved En.    Temperature
   -1.18116e+05    2.18557e+04   -9.62602e+04   -9.59419e+04    2.92818e+02
 Pressure (bar)   Constr. rmsd
    4.16891e+02    1.54089e-06

           Step           Time
          25500       51.00000

   Energies (kJ/mol)
           Bond          Angle    Proper Dih.  Improper Dih.          LJ-14
    1.37990e+02    2.96011e+02    3.92642e+02    1.96533e+01    1.80457e+02
     Coulomb-14        LJ (SR)   Coulomb (SR)   Coul. recip. Position Rest.
    2.39250e+03    1.76205e+04   -1.39708e+05    3.63808e+02    4.36424e+01
      Potential    Kinetic En.   Total Energy  Conserved En.    Temperature
   -1.18260e+05    2.20589e+04   -9.62016e+04   -9.59455e+04    2.95541e+02
 Pressure (bar)   Constr. rmsd
   -1.33095e+02    3.53692e-06


DD  step 25999 load imb.: force  0.9%
           Step           Time
          26000       52.00000

   Energies (kJ/mol)
           Bond          Angle    Proper Dih.  Improper Dih.          LJ-14
    1.40307e+02    3.65204e+02    3.57812e+02    8.46979e+00    1.71698e+02
     Coulomb-14        LJ (SR)   Coulomb (SR)   Coul. recip. Position Rest.
    2.41121e+03    1.73658e+04   -1.39675e+05    4.03141e+02    4.75511e+01
      Potential    Kinetic En.   Total Energy  Conserved En.    Temperature
   -1.18404e+05    2.20687e+04   -9.63349e+04   -9.59445e+04    2.95672e+02
 Pressure (bar)   Constr. rmsd
   -3.77146e+02    1.93724e-06

           Step           Time
          26500       53.00000

   Energies (kJ/mol)
           Bond          Angle    Proper Dih.  Improper Dih.          LJ-14
    1.45544e+02    2.82361e+02    3.60048e+02    2.26640e+01    1.79117e+02
     Coulomb-14        LJ (SR)   Coulomb (SR)   Coul. recip. Position Rest.
    2.43388e+03    1.79601e+04   -1.40085e+05    3.98010e+02    6.16546e+01
      Potential    Kinetic En.   Total Energy  Conserved En.    Temperature
   -1.18242e+05    2.23398e+04   -9.59018e+04   -9.59468e+04    2.99306e+02
 Pressure (bar)   Constr. rmsd
    2.83468e+01    2.05999e-06

           Step           Time
          27000       54.00000

   Energies (kJ/mol)
           Bond          Angle    Proper Dih.  Improper Dih.          LJ-14
    1.26700e+02    2.36838e+02    3.86749e+02    2.39180e+01    1.81804e+02
     Coulomb-14        LJ (SR)   Coulomb (SR)   Coul. recip. Position Rest.
    2.45464e+03    1.72592e+04   -1.39555e+05    3.94289e+02    3.34986e+01
      Potential    Kinetic En.   Total Energy  Conserved En.    Temperature
   -1.18457e+05    2.21328e+04   -9.63242e+04   -9.59480e+04    2.96532e+02
 Pressure (bar)   Constr. rmsd
   -3.81732e+02    2.81886e-06

           Step           Time
          27500       55.00000

   Energies (kJ/mol)
           Bond          Angle    Proper Dih.  Improper Dih.          LJ-14
    1.17058e+02    2.83166e+02    3.81354e+02    1.79022e+01    1.84832e+02
     Coulomb-14        LJ (SR)   Coulomb (SR)   Coul. recip. Position Rest.
    2.41380e+03    1.76979e+04   -1.40166e+05    3.91743e+02    4.65828e+01
      Potential    Kinetic En.   Total Energy  Conserved En.    Temperature
   -1.18632e+05    2.22415e+04   -9.63903e+04   -9.59462e+04    2.97988e+02
 Pressure (bar)   Constr. rmsd
   -7.62395e+01    2.41534e-06


DD  step 27999 load imb.: force  3.4%
           Step           Time
          28000       56.00000

   Energies (kJ/mol)
           Bond          Angle    Proper Dih.  Improper Dih.          LJ-14
    1.58666e+02    3.22231e+02    3.58766e+02    1.42387e+01    1.67654e+02
     Coulomb-14        LJ (SR)   Coulomb (SR)   Coul. recip. Position Rest.
    2.45375e+03    1.84649e+04   -1.40733e+05    3.98026e+02    3.63622e+01
      Potential    Kinetic En.   Total Energy  Conserved En.    Temperature
   -1.18359e+05    2.22282e+04   -9.61305e+04   -9.59331e+04    2.97810e+02
 Pressure (bar)   Constr. rmsd
    2.12204e+02    2.88298e-06

           Step           Time
          28500       57.00000

   Energies (kJ/mol)
           Bond          Angle    Proper Dih.  Improper Dih.          LJ-14
    1.62104e+02    2.62062e+02    3.69403e+02    1.37699e+01    1.88028e+02
     Coulomb-14        LJ (SR)   Coulomb (SR)   Coul. recip. Position Rest.
    2.41368e+03    1.79850e+04   -1.40210e+05    3.81923e+02    4.87556e+01
      Potential    Kinetic En.   Total Energy  Conserved En.    Temperature
   -1.18385e+05    2.25258e+04   -9.58596e+04   -9.59415e+04    3.01797e+02
 Pressure (bar)   Constr. rmsd
    1.01138e+02    2.91526e-06

           Step           Time
          29000       58.00000

   Energies (kJ/mol)
           Bond          Angle    Proper Dih.  Improper Dih.          LJ-14
    1.13358e+02    2.89473e+02    3.55777e+02    1.98507e+01    1.80291e+02
     Coulomb-14        LJ (SR)   Coulomb (SR)   Coul. recip. Position Rest.
    2.46214e+03    1.78005e+04   -1.39959e+05    4.12846e+02    4.77007e+01
      Potential    Kinetic En.   Total Energy  Conserved En.    Temperature
   -1.18277e+05    2.23710e+04   -9.59056e+04   -9.59387e+04    2.99723e+02
 Pressure (bar)   Constr. rmsd
   -6.52524e+01    1.61212e-06

           Step           Time
          29500       59.00000

   Energies (kJ/mol)
           Bond          Angle    Proper Dih.  Improper Dih.          LJ-14
    1.41167e+02    2.69162e+02    3.84462e+02    1.65134e+01    1.94097e+02
     Coulomb-14        LJ (SR)   Coulomb (SR)   Coul. recip. Position Rest.
    2.45027e+03    1.79778e+04   -1.40315e+05    4.23577e+02    3.99011e+01
      Potential    Kinetic En.   Total Energy  Conserved En.    Temperature
   -1.18418e+05    2.27420e+04   -9.56762e+04   -9.59409e+04    3.04694e+02
 Pressure (bar)   Constr. rmsd
    2.46393e+02    2.20607e-06


DD  step 29999 load imb.: force  2.0%
           Step           Time
          30000       60.00000

   Energies (kJ/mol)
           Bond          Angle    Proper Dih.  Improper Dih.          LJ-14
    1.54858e+02    2.81451e+02    3.95319e+02    2.01605e+01    1.75923e+02
     Coulomb-14        LJ (SR)   Coulomb (SR)   Coul. recip. Position Rest.
    2.48418e+03    1.76693e+04   -1.39538e+05    4.12751e+02    6.54890e+01
      Potential    Kinetic En.   Total Energy  Conserved En.    Temperature
   -1.17878e+05    2.23332e+04   -9.55451e+04   -9.59352e+04    2.99216e+02
 Pressure (bar)   Constr. rmsd
   -2.10380e+02    2.13085e-06

           Step           Time
          30500       61.00000

   Energies (kJ/mol)
           Bond          Angle    Proper Dih.  Improper Dih.          LJ-14
    1.44682e+02    3.08934e+02    3.92506e+02    2.40829e+01    1.67636e+02
     Coulomb-14        LJ (SR)   Coulomb (SR)   Coul. recip. Position Rest.
    2.41644e+03    1.74619e+04   -1.39275e+05    4.17697e+02    4.01127e+01
      Potential    Kinetic En.   Total Energy  Conserved En.    Temperature
   -1.17901e+05    2.23484e+04   -9.55524e+04   -9.59364e+04    2.99420e+02
 Pressure (bar)   Constr. rmsd
   -2.24356e+02    2.57179e-06

           Step           Time
          31000       62.00000

   Energies (kJ/mol)
           Bond          Angle    Proper Dih.  Improper Dih.          LJ-14
    1.12571e+02    3.32249e+02    3.62915e+02    1.20316e+01    1.66962e+02
     Coulomb-14        LJ (SR)   Coulomb (SR)   Coul. recip. Position Rest.
    2.40031e+03    1.75601e+04   -1.39407e+05    4.50481e+02    4.78154e+01
      Potential    Kinetic En.   Total Energy  Conserved En.    Temperature
   -1.17961e+05    2.24244e+04   -9.55370e+04   -9.59325e+04    3.00438e+02
 Pressure (bar)   Constr. rmsd
   -1.87573e+02    2.67371e-06

           Step           Time
          31500       63.00000

   Energies (kJ/mol)
           Bond          Angle    Proper Dih.  Improper Dih.          LJ-14
    1.51333e+02    3.01349e+02    3.78787e+02    1.72797e+01    1.81166e+02
     Coulomb-14        LJ (SR)   Coulomb (SR)   Coul. recip. Position Rest.
    2.45237e+03    1.75258e+04   -1.39482e+05    4.18617e+02    4.64385e+01
      Potential    Kinetic En.   Total Energy  Conserved En.    Temperature
   -1.18009e+05    2.26357e+04   -9.53731e+04   -9.59333e+04    3.03269e+02
 Pressure (bar)   Constr. rmsd
   -7.36891e+01    3.36119e-06


DD  step 31999 load imb.: force  1.3%
           Step           Time
          32000       64.00000

   Energies (kJ/mol)
           Bond          Angle    Proper Dih.  Improper Dih.          LJ-14
    1.43697e+02    3.50676e+02    3.58216e+02    1.19526e+01    1.72341e+02
     Coulomb-14        LJ (SR)   Coulomb (SR)   Coul. recip. Position Rest.
    2.39098e+03    1.78849e+04   -1.39509e+05    4.12183e+02    4.47660e+01
      Potential    Kinetic En.   Total Energy  Conserved En.    Temperature
   -1.17739e+05    2.20717e+04   -9.56675e+04   -9.59245e+04    2.95713e+02
 Pressure (bar)   Constr. rmsd
    2.61887e+02    2.87620e-06

           Step           Time
          32500       65.00000

   Energies (kJ/mol)
           Bond          Angle    Proper Dih.  Improper Dih.          LJ-14
    1.12428e+02    3.06289e+02    3.89078e+02    2.68017e+01    1.73485e+02
     Coulomb-14        LJ (SR)   Coulomb (SR)   Coul. recip. Position Rest.
    2.40934e+03    1.78161e+04   -1.40104e+05    3.91618e+02    4.20697e+01
      Potential    Kinetic En.   Total Energy  Conserved En.    Temperature
   -1.18437e+05    2.27393e+04   -9.56973e+04   -9.59280e+04    3.04658e+02
 Pressure (bar)   Constr. rmsd
    1.08815e+02    1.92999e-06

           Step           Time
          33000       66.00000

   Energies (kJ/mol)
           Bond          Angle    Proper Dih.  Improper Dih.          LJ-14
    1.26691e+02    2.76398e+02    3.60433e+02    1.30993e+01    1.70906e+02
     Coulomb-14        LJ (SR)   Coulomb (SR)   Coul. recip. Position Rest.
    2.43564e+03    1.84084e+04   -1.40281e+05    3.84295e+02    4.78554e+01
      Potential    Kinetic En.   Total Energy  Conserved En.    Temperature
   -1.18058e+05    2.22156e+04   -9.58420e+04   -9.59327e+04    2.97640e+02
 Pressure (bar)   Constr. rmsd
    3.66384e+02    2.29837e-06

           Step           Time
          33500       67.00000

   Energies (kJ/mol)
           Bond          Angle    Proper Dih.  Improper Dih.          LJ-14
    1.48477e+02    2.61718e+02    3.78871e+02    2.35248e+01    1.84034e+02
     Coulomb-14        LJ (SR)   Coulomb (SR)   Coul. recip. Position Rest.
    2.41728e+03    1.79114e+04   -1.40365e+05    4.06494e+02    5.27527e+01
      Potential    Kinetic En.   Total Energy  Conserved En.    Temperature
   -1.18581e+05    2.27820e+04   -9.57989e+04   -9.59326e+04    3.05229e+02
 Pressure (bar)   Constr. rmsd
   -1.69653e+01    1.57423e-06


DD  step 33999 load imb.: force  1.7%
           Step           Time
          34000       68.00000

   Energies (kJ/mol)
           Bond          Angle    Proper Dih.  Improper Dih.          LJ-14
    1.50713e+02    3.23863e+02    3.49463e+02    1.24666e+01    1.79729e+02
     Coulomb-14        LJ (SR)   Coulomb (SR)   Coul. recip. Position Rest.
    2.47240e+03    1.76940e+04   -1.39304e+05    3.83615e+02    3.83697e+01
      Potential    Kinetic En.   Total Energy  Conserved En.    Temperature
   -1.17700e+05    2.24353e+04   -9.52644e+04   -9.59309e+04    3.00584e+02
 Pressure (bar)   Constr. rmsd
   -1.53614e+02    1.71274e-06

           Step           Time
          34500       69.00000

   Energies (kJ/mol)
           Bond          Angle    Proper Dih.  Improper Dih.          LJ-14
    1.33968e+02    2.73755e+02    3.77100e+02    9.57936e+00    1.93477e+02
     Coulomb-14        LJ (SR)   Coulomb (SR)   Coul. recip. Position Rest.
    2.44976e+03    1.78820e+04   -1.39931e+05    3.75498e+02    4.56120e+01
      Potential    Kinetic En.   Total Energy  Conserved En.    Temperature
   -1.18190e+05    2.25976e+04   -9.55926e+04   -9.59192e+04    3.02759e+02
 Pressure (bar)   Constr. rmsd
    3.39536e+02    1.97728e-06

           Step           Time
          35000       70.00000

   Energies (kJ/mol)
           Bond          Angle    Proper Dih.  Improper Dih.          LJ-14
    1.37324e+02    3.12102e+02    3.66333e+02    1.98976e+01    1.69937e+02
     Coulomb-14        LJ (SR)   Coulomb (SR)   Coul. recip. Position Rest.
    2.41267e+03    1.80941e+04   -1.40661e+05    3.93387e+02    3.25753e+01
      Potential    Kinetic En.   Total Energy  Conserved En.    Temperature
   -1.18722e+05    2.28367e+04   -9.58858e+04   -9.59241e+04    3.05962e+02
 Pressure (bar)   Constr. rmsd
    2.60603e+02    1.46356e-06

           Step           Time
          35500       71.00000

   Energies (kJ/mol)
           Bond          Angle    Proper Dih.  Improper Dih.          LJ-14
    1.27510e+02    3.13884e+02    3.57917e+02    2.27951e+01    1.66774e+02
     Coulomb-14        LJ (SR)   Coulomb (SR)   Coul. recip. Position Rest.
    2.39969e+03    1.76806e+04   -1.39656e+05    4.05813e+02    4.40270e+01
      Potential    Kinetic En.   Total Energy  Conserved En.    Temperature
   -1.18137e+05    2.25512e+04   -9.55862e+04   -9.59212e+04    3.02138e+02
 Pressure (bar)   Constr. rmsd
   -1.57558e+02    2.04403e-06


DD  step 35999 load imb.: force  1.4%
           Step           Time
          36000       72.00000

   Energies (kJ/mol)
           Bond          Angle    Proper Dih.  Improper Dih.          LJ-14
    1.64779e+02    2.86575e+02    3.64287e+02    1.53980e+01    1.62621e+02
     Coulomb-14        LJ (SR)   Coulomb (SR)   Coul. recip. Position Rest.
    2.40702e+03    1.74154e+04   -1.39546e+05    4.02794e+02    4.58531e+01
      Potential    Kinetic En.   Total Energy  Conserved En.    Temperature
   -1.18281e+05    2.23819e+04   -9.58989e+04   -9.59187e+04    2.99869e+02
 Pressure (bar)   Constr. rmsd
   -5.84586e+02    1.37112e-06

           Step           Time
          36500       73.00000

   Energies (kJ/mol)
           Bond          Angle    Proper Dih.  Improper Dih.          LJ-14
    1.69223e+02    2.90171e+02    3.75422e+02    1.57226e+01    1.53229e+02
     Coulomb-14        LJ (SR)   Coulomb (SR)   Coul. recip. Position Rest.
    2.42305e+03    1.73783e+04   -1.39102e+05    3.99068e+02    6.75173e+01
      Potential    Kinetic En.   Total Energy  Conserved En.    Temperature
   -1.17830e+05    2.25770e+04   -9.52532e+04   -9.59132e+04    3.02483e+02
 Pressure (bar)   Constr. rmsd
   -3.11080e+02    1.46630e-06

           Step           Time
          37000       74.00000

   Energies (kJ/mol)
           Bond          Angle    Proper Dih.  Improper Dih.          LJ-14
    1.58227e+02    2.84553e+02    3.59063e+02    1.40256e+01    1.81675e+02
     Coulomb-14        LJ (SR)   Coulomb (SR)   Coul. recip. Position Rest.
    2.42032e+03    1.78983e+04   -1.39917e+05    4.17467e+02    5.10495e+01
      Potential    Kinetic En.   Total Energy  Conserved En.    Temperature
   -1.18132e+05    2.27115e+04   -9.54204e+04   -9.59137e+04    3.04285e+02
 Pressure (bar)   Constr. rmsd
    1.35186e+02    1.39000e-06

           Step           Time
          37500       75.00000

   Energies (kJ/mol)
           Bond          Angle    Proper Dih.  Improper Dih.          LJ-14
    1.50881e+02    2.94554e+02    3.62358e+02    1.84586e+01    1.75749e+02
     Coulomb-14        LJ (SR)   Coulomb (SR)   Coul. recip. Position Rest.
    2.37812e+03    1.76573e+04   -1.39455e+05    4.27691e+02    5.04257e+01
      Potential    Kinetic En.   Total Energy  Conserved En.    Temperature
   -1.17939e+05    2.22351e+04   -9.57042e+04   -9.59112e+04    2.97903e+02
 Pressure (bar)   Constr. rmsd
    1.17251e+02    2.25600e-06


DD  step 37999 load imb.: force  1.4%
           Step           Time
          38000       76.00000

   Energies (kJ/mol)
           Bond          Angle    Proper Dih.  Improper Dih.          LJ-14
    1.69418e+02    2.68375e+02    3.62747e+02    1.44439e+01    1.71324e+02
     Coulomb-14        LJ (SR)   Coulomb (SR)   Coul. recip. Position Rest.
    2.42692e+03    1.79477e+04   -1.40435e+05    4.18100e+02    3.27215e+01
      Potential    Kinetic En.   Total Energy  Conserved En.    Temperature
   -1.18623e+05    2.22696e+04   -9.63536e+04   -9.59020e+04    2.98364e+02
 Pressure (bar)   Constr. rmsd
   -6.85024e+01    1.84661e-06

           Step           Time
          38500       77.00000

   Energies (kJ/mol)
           Bond          Angle    Proper Dih.  Improper Dih.          LJ-14
    1.34671e+02    2.80472e+02    3.69915e+02    2.27996e+01    1.80615e+02
     Coulomb-14        LJ (SR)   Coulomb (SR)   Coul. recip. Position Rest.
    2.41597e+03    1.81709e+04   -1.40354e+05    4.29062e+02    6.55321e+01
      Potential    Kinetic En.   Total Energy  Conserved En.    Temperature
   -1.18284e+05    2.17302e+04   -9.65534e+04   -9.58969e+04    2.91138e+02
 Pressure (bar)   Constr. rmsd
    1.39486e+02    1.96829e-06

           Step           Time
          39000       78.00000

   Energies (kJ/mol)
           Bond          Angle    Proper Dih.  Improper Dih.          LJ-14
    1.17695e+02    2.95304e+02    3.70976e+02    1.32387e+01    1.85322e+02
     Coulomb-14        LJ (SR)   Coulomb (SR)   Coul. recip. Position Rest.
    2.46184e+03    1.72873e+04   -1.39820e+05    4.01431e+02    5.00392e+01
      Potential    Kinetic En.   Total Energy  Conserved En.    Temperature
   -1.18636e+05    2.21054e+04   -9.65311e+04   -9.59049e+04    2.96164e+02
 Pressure (bar)   Constr. rmsd
   -4.63052e+02    1.45617e-06

           Step           Time
          39500       79.00000

   Energies (kJ/mol)
           Bond          Angle    Proper Dih.  Improper Dih.          LJ-14
    1.40422e+02    2.78091e+02    3.84406e+02    2.36629e+01    1.79635e+02
     Coulomb-14        LJ (SR)   Coulomb (SR)   Coul. recip. Position Rest.
    2.39310e+03    1.81263e+04   -1.40628e+05    4.44641e+02    5.80466e+01
      Potential    Kinetic En.   Total Energy  Conserved En.    Temperature
   -1.18600e+05    2.22330e+04   -9.63665e+04   -9.58978e+04    2.97875e+02
 Pressure (bar)   Constr. rmsd
   -3.51023e+01    1.20928e-06


DD  step 39999 load imb.: force  1.2%
           Step           Time
          40000       80.00000

   Energies (kJ/mol)
           Bond          Angle    Proper Dih.  Improper Dih.          LJ-14
    1.16644e+02    2.45496e+02    3.92659e+02    1.80340e+01    1.81518e+02
     Coulomb-14        LJ (SR)   Coulomb (SR)   Coul. recip. Position Rest.
    2.43696e+03    1.78495e+04   -1.40274e+05    3.98428e+02    3.42768e+01
      Potential    Kinetic En.   Total Energy  Conserved En.    Temperature
   -1.18601e+05    2.23532e+04   -9.62475e+04   -9.58988e+04    2.99485e+02
 Pressure (bar)   Constr. rmsd
   -9.32692e+01    1.84557e-06

           Step           Time
          40500       81.00000

   Energies (kJ/mol)
           Bond          Angle    Proper Dih.  Improper Dih.          LJ-14
    1.28837e+02    2.70500e+02    3.68926e+02    1.82189e+01    1.82510e+02
     Coulomb-14        LJ (SR)   Coulomb (SR)   Coul. recip. Position Rest.
    2.42389e+03    1.82764e+04   -1.40882e+05    4.11183e+02    4.54769e+01
      Potential    Kinetic En.   Total Energy  Conserved En.    Temperature
   -1.18756e+05    2.20756e+04   -9.66806e+04   -9.59010e+04    2.95765e+02
 Pressure (bar)   Constr. rmsd
    8.56164e+01    1.63234e-06

           Step           Time
          41000       82.00000

   Energies (kJ/mol)
           Bond          Angle    Proper Dih.  Improper Dih.          LJ-14
    1.09801e+02    3.45544e+02    3.81345e+02    1.67700e+01    1.63627e+02
     Coulomb-14        LJ (SR)   Coulomb (SR)   Coul. recip. Position Rest.
    2.40508e+03    1.79563e+04   -1.40242e+05    4.01514e+02    3.01644e+01
      Potential    Kinetic En.   Total Energy  Conserved En.    Temperature
   -1.18432e+05    2.23176e+04   -9.61141e+04   -9.59000e+04    2.99008e+02
 Pressure (bar)   Constr. rmsd
   -7.78505e+01    1.57639e-06

           Step           Time
          41500       83.00000

   Energies (kJ/mol)
           Bond          Angle    Proper Dih.  Improper Dih.          LJ-14
    1.52624e+02    3.27944e+02    3.51027e+02    1.31088e+01    1.73116e+02
     Coulomb-14        LJ (SR)   Coulomb (SR)   Coul. recip. Position Rest.
    2.40712e+03    1.78754e+04   -1.40394e+05    3.95396e+02    5.98775e+01
      Potential    Kinetic En.   Total Energy  Conserved En.    Temperature
   -1.18638e+05    2.21594e+04   -9.64786e+04   -9.58928e+04    2.96888e+02
 Pressure (bar)   Constr. rmsd
   -1.26510e+02    1.64376e-06


DD  step 41999 load imb.: force  2.6%
           Step           Time
          42000       84.00000

   Energies (kJ/mol)
           Bond          Angle    Proper Dih.  Improper Dih.          LJ-14
    1.33647e+02    2.70664e+02    3.74778e+02    1.99273e+01    1.89155e+02
     Coulomb-14        LJ (SR)   Coulomb (SR)   Coul. recip. Position Rest.
    2.43212e+03    1.77065e+04   -1.40215e+05    4.02261e+02    3.95086e+01
      Potential    Kinetic En.   Total Energy  Conserved En.    Temperature
   -1.18646e+05    2.20345e+04   -9.66115e+04   -9.58927e+04    2.95215e+02
 Pressure (bar)   Constr. rmsd
   -1.16663e+02    2.40975e-06

           Step           Time
          42500       85.00000

   Energies (kJ/mol)
           Bond          Angle    Proper Dih.  Improper Dih.          LJ-14
    1.09646e+02    2.84105e+02    3.61094e+02    1.64433e+01    1.69036e+02
     Coulomb-14        LJ (SR)   Coulomb (SR)   Coul. recip. Position Rest.
    2.44745e+03    1.81222e+04   -1.40264e+05    3.91129e+02    3.45494e+01
      Potential    Kinetic En.   Total Energy  Conserved En.    Temperature
   -1.18328e+05    2.19951e+04   -9.63331e+04   -9.58891e+04    2.94687e+02
 Pressure (bar)   Constr. rmsd
    1.22355e+02    1.88822e-06

           Step           Time
          43000       86.00000

   Energies (kJ/mol)
           Bond          Angle    Proper Dih.  Improper Dih.          LJ-14
    1.19032e+02    3.13792e+02    3.88996e+02    1.37413e+01    1.73761e+02
     Coulomb-14        LJ (SR)   Coulomb (SR)   Coul. recip. Position Rest.
    2.45347e+03    1.83285e+04   -1.41019e+05    3.87034e+02    5.30616e+01
      Potential    Kinetic En.   Total Energy  Conserved En.    Temperature
   -1.18787e+05    2.21079e+04   -9.66793e+04   -9.58891e+04    2.96198e+02
 Pressure (bar)   Constr. rmsd
    2.89717e+02    1.94947e-06

           Step           Time
          43500       87.00000

   Energies (kJ/mol)
           Bond          Angle    Proper Dih.  Improper Dih.          LJ-14
    1.78715e+02    2.88645e+02    3.51388e+02    1.89349e+01    1.68584e+02
     Coulomb-14        LJ (SR)   Coulomb (SR)   Coul. recip. Position Rest.
    2.36613e+03    1.75102e+04   -1.39774e+05    4.12262e+02    5.09593e+01
      Potential    Kinetic En.   Total Energy  Conserved En.    Temperature
   -1.18428e+05    2.21683e+04   -9.62601e+04   -9.58865e+04    2.97008e+02
 Pressure (bar)   Constr. rmsd
   -2.61550e+02    1.23784e-06


DD  step 43999 load imb.: force  2.0%
           Step           Time
          44000       88.00000

   Energies (kJ/mol)
           Bond          Angle    Proper Dih.  Improper Dih.          LJ-14
    1.44403e+02    2.87980e+02    3.59371e+02    1.70132e+01    1.74802e+02
     Coulomb-14        LJ (SR)   Coulomb (SR)   Coul. recip. Position Rest.
    2.38283e+03    1.81102e+04   -1.40611e+05    4.20918e+02    4.83360e+01
      Potential    Kinetic En.   Total Energy  Conserved En.    Temperature
   -1.18665e+05    2.23823e+04   -9.62824e+04   -9.58875e+04    2.99875e+02
 Pressure (bar)   Constr. rmsd
   -1.19435e+02    2.02024e-06

           Step           Time
          44500       89.00000

   Energies (kJ/mol)
           Bond          Angle    Proper Dih.  Improper Dih.          LJ-14
    1.37981e+02    2.66523e+02    3.58249e+02    2.63490e+01    1.84873e+02
     Coulomb-14        LJ (SR)   Coulomb (SR)   Coul. recip. Position Rest.
    2.39140e+03    1.77409e+04   -1.39946e+05    3.88988e+02    3.71386e+01
      Potential    Kinetic En.   Total Energy  Conserved En.    Temperature
   -1.18413e+05    2.18789e+04   -9.65345e+04   -9.58859e+04    2.93130e+02
 Pressure (bar)   Constr. rmsd
   -1.17857e+02    1.54565e-06

           Step           Time
          45000       90.00000

   Energies (kJ/mol)
           Bond          Angle    Proper Dih.  Improper Dih.          LJ-14
    1.57625e+02    2.60743e+02    3.77195e+02    1.68568e+01    1.68582e+02
     Coulomb-14        LJ (SR)   Coulomb (SR)   Coul. recip. Position Rest.
    2.45785e+03    1.72861e+04   -1.39387e+05    3.91789e+02    4.25119e+01
      Potential    Kinetic En.   Total Energy  Conserved En.    Temperature
   -1.18228e+05    2.19037e+04   -9.63239e+04   -9.58824e+04    2.93463e+02
 Pressure (bar)   Constr. rmsd
   -3.01059e+02    1.74542e-06

           Step           Time
          45500       91.00000

   Energies (kJ/mol)
           Bond          Angle    Proper Dih.  Improper Dih.          LJ-14
    1.21604e+02    2.82046e+02    3.64020e+02    1.69464e+01    1.84955e+02
     Coulomb-14        LJ (SR)   Coulomb (SR)   Coul. recip. Position Rest.
    2.44601e+03    1.83512e+04   -1.40941e+05    3.91596e+02    5.33264e+01
      Potential    Kinetic En.   Total Energy  Conserved En.    Temperature
   -1.18729e+05    2.26509e+04   -9.60782e+04   -9.58840e+04    3.03473e+02
 Pressure (bar)   Constr. rmsd
    4.83012e+02    2.17930e-06


DD  step 45999 load imb.: force  2.8%
           Step           Time
          46000       92.00000

   Energies (kJ/mol)
           Bond          Angle    Proper Dih.  Improper Dih.          LJ-14
    1.26631e+02    3.14589e+02    3.74193e+02    1.81224e+01    1.92712e+02
     Coulomb-14        LJ (SR)   Coulomb (SR)   Coul. recip. Position Rest.
    2.41320e+03    1.72266e+04   -1.39992e+05    3.98398e+02    3.02410e+01
      Potential    Kinetic En.   Total Energy  Conserved En.    Temperature
   -1.18897e+05    2.20806e+04   -9.68164e+04   -9.58786e+04    2.95832e+02
 Pressure (bar)   Constr. rmsd
   -4.36566e+02    1.61985e-06

           Step           Time
          46500       93.00000

   Energies (kJ/mol)
           Bond          Angle    Proper Dih.  Improper Dih.          LJ-14
    1.17523e+02    3.13942e+02    3.60237e+02    2.18162e+01    1.64274e+02
     Coulomb-14        LJ (SR)   Coulomb (SR)   Coul. recip. Position Rest.
    2.43763e+03    1.78170e+04   -1.40012e+05    3.84574e+02    4.71839e+01
      Potential    Kinetic En.   Total Energy  Conserved En.    Temperature
   -1.18348e+05    2.21132e+04   -9.62343e+04   -9.58808e+04    2.96269e+02
 Pressure (bar)   Constr. rmsd
    5.48832e+01    3.28931e-06

           Step           Time
          47000       94.00000

   Energies (kJ/mol)
           Bond          Angle    Proper Dih.  Improper Dih.          LJ-14
    1.59366e+02    2.80855e+02    3.62322e+02    2.92347e+01    1.70803e+02
     Coulomb-14        LJ (SR)   Coulomb (SR)   Coul. recip. Position Rest.
    2.42143e+03    1.69028e+04   -1.39093e+05    4.54261e+02    4.34148e+01
      Potential    Kinetic En.   Total Energy  Conserved En.    Temperature
   -1.18268e+05    2.25570e+04   -9.57111e+04   -9.58735e+04    3.02215e+02
 Pressure (bar)   Constr. rmsd
   -7.22115e+02    1.84280e-06

           Step           Time
          47500       95.00000

   Energies (kJ/mol)
           Bond          Angle    Proper Dih.  Improper Dih.          LJ-14
    1.51678e+02    2.88617e+02    3.87027e+02    2.10647e+01    1.84997e+02
     Coulomb-14        LJ (SR)   Coulomb (SR)   Coul. recip. Position Rest.
    2.40683e+03    1.77415e+04   -1.40134e+05    3.88720e+02    6.01982e+01
      Potential    Kinetic En.   Total Energy  Conserved En.    Temperature
   -1.18504e+05    2.24425e+04   -9.60613e+04   -9.58784e+04    3.00681e+02
 Pressure (bar)   Constr. rmsd
   -5.99960e+01    1.72224e-06


DD  step 47999 load imb.: force  1.8%
           Step           Time
          48000       96.00000

   Energies (kJ/mol)
           Bond          Angle    Proper Dih.  Improper Dih.          LJ-14
    1.37867e+02    2.69745e+02    3.41679e+02    2.35697e+01    1.83100e+02
     Coulomb-14        LJ (SR)   Coulomb (SR)   Coul. recip. Position Rest.
    2.45753e+03    1.75729e+04   -1.39920e+05    4.14539e+02    4.23630e+01
      Potential    Kinetic En.   Total Energy  Conserved En.    Temperature
   -1.18477e+05    2.24329e+04   -9.60438e+04   -9.58784e+04    3.00552e+02
 Pressure (bar)   Constr. rmsd
   -1.96267e+02    1.92913e-06

           Step           Time
          48500       97.00000

   Energies (kJ/mol)
           Bond          Angle    Proper Dih.  Improper Dih.          LJ-14
    1.27208e+02    3.02299e+02    4.00262e+02    2.36940e+01    1.78886e+02
     Coulomb-14        LJ (SR)   Coulomb (SR)   Coul. recip. Position Rest.
    2.41197e+03    1.81439e+04   -1.40177e+05    4.37060e+02    5.75539e+01
      Potential    Kinetic En.   Total Energy  Conserved En.    Temperature
   -1.18094e+05    2.19107e+04   -9.61834e+04   -9.58815e+04    2.93556e+02
 Pressure (bar)   Constr. rmsd
    2.56171e+02    1.41852e-06

           Step           Time
          49000       98.00000

   Energies (kJ/mol)
           Bond          Angle    Proper Dih.  Improper Dih.          LJ-14
    1.20012e+02    3.31299e+02    3.94032e+02    1.56742e+01    1.65598e+02
     Coulomb-14        LJ (SR)   Coulomb (SR)   Coul. recip. Position Rest.
    2.42766e+03    1.82812e+04   -1.40772e+05    4.18279e+02    6.21386e+01
      Potential    Kinetic En.   Total Energy  Conserved En.    Temperature
   -1.18556e+05    2.19677e+04   -9.65884e+04   -9.58686e+04    2.94319e+02
 Pressure (bar)   Constr. rmsd
    9.69197e+01    1.18784e-06

           Step           Time
          49500       99.00000

   Energies (kJ/mol)
           Bond          Angle    Proper Dih.  Improper Dih.          LJ-14
    1.11286e+02    3.21123e+02    3.60431e+02    2.00699e+01    1.84475e+02
     Coulomb-14        LJ (SR)   Coulomb (SR)   Coul. recip. Position Rest.
    2.39086e+03    1.82109e+04   -1.40904e+05    3.95044e+02    5.57417e+01
      Potential    Kinetic En.   Total Energy  Conserved En.    Temperature
   -1.18854e+05    2.21025e+04   -9.67515e+04   -9.58746e+04    2.96126e+02
 Pressure (bar)   Constr. rmsd
    8.56896e+01    2.10957e-06


DD  step 49999 load imb.: force  1.5%
           Step           Time
          50000      100.00000

   Energies (kJ/mol)
           Bond          Angle    Proper Dih.  Improper Dih.          LJ-14
    1.12452e+02    2.73405e+02    3.68566e+02    1.60241e+01    1.83397e+02
     Coulomb-14        LJ (SR)   Coulomb (SR)   Coul. recip. Position Rest.
    2.45501e+03    1.81566e+04   -1.41199e+05    3.81567e+02    4.71180e+01
      Potential    Kinetic En.   Total Energy  Conserved En.    Temperature
   -1.19205e+05    2.22002e+04   -9.70049e+04   -9.58747e+04    2.97435e+02
 Pressure (bar)   Constr. rmsd
    1.47313e+02    2.70377e-06

           Step           Time
          50500      101.00000

   Energies (kJ/mol)
           Bond          Angle    Proper Dih.  Improper Dih.          LJ-14
    1.22580e+02    2.74626e+02    3.56861e+02    1.19800e+01    1.70036e+02
     Coulomb-14        LJ (SR)   Coulomb (SR)   Coul. recip. Position Rest.
    2.38726e+03    1.80086e+04   -1.41069e+05    3.94512e+02    5.61997e+01
      Potential    Kinetic En.   Total Energy  Conserved En.    Temperature
   -1.19286e+05    2.17668e+04   -9.75196e+04   -9.58752e+04    2.91629e+02
 Pressure (bar)   Constr. rmsd
   -1.03093e+02    2.24078e-06

           Step           Time
          51000      102.00000

   Energies (kJ/mol)
           Bond          Angle    Proper Dih.  Improper Dih.          LJ-14
    1.19723e+02    2.52161e+02    3.73834e+02    1.87666e+01    1.86191e+02
     Coulomb-14        LJ (SR)   Coulomb (SR)   Coul. recip. Position Rest.
    2.43707e+03    1.80130e+04   -1.40492e+05    4.06153e+02    4.56622e+01
      Potential    Kinetic En.   Total Energy  Conserved En.    Temperature
   -1.18640e+05    2.15685e+04   -9.70711e+04   -9.58706e+04    2.88972e+02
 Pressure (bar)   Constr. rmsd
    5.10463e+01    1.98184e-06

           Step           Time
          51500      103.00000

   Energies (kJ/mol)
           Bond          Angle    Proper Dih.  Improper Dih.          LJ-14
    1.25983e+02    3.05820e+02    3.62031e+02    1.71856e+01    1.72797e+02
     Coulomb-14        LJ (SR)   Coulomb (SR)   Coul. recip. Position Rest.
    2.38409e+03    1.78732e+04   -1.40291e+05    3.94755e+02    4.21896e+01
      Potential    Kinetic En.   Total Energy  Conserved En.    Temperature
   -1.18613e+05    2.19569e+04   -9.66559e+04   -9.58725e+04    2.94176e+02
 Pressure (bar)   Constr. rmsd
   -1.71266e+02    2.06693e-06


DD  step 51999 load imb.: force  2.1%
           Step           Time
          52000      104.00000

   Energies (kJ/mol)
           Bond          Angle    Proper Dih.  Improper Dih.          LJ-14
    1.22458e+02    2.99258e+02    3.98943e+02    1.72527e+01    1.83442e+02
     Coulomb-14        LJ (SR)   Coulomb (SR)   Coul. recip. Position Rest.
    2.44441e+03    1.74206e+04   -1.39989e+05    4.10640e+02    5.48462e+01
      Potential    Kinetic En.   Total Energy  Conserved En.    Temperature
   -1.18637e+05    2.22436e+04   -9.63937e+04   -9.58720e+04    2.98016e+02
 Pressure (bar)   Constr. rmsd
   -4.10279e+01    2.16667e-06

           Step           Time
          52500      105.00000

   Energies (kJ/mol)
           Bond          Angle    Proper Dih.  Improper Dih.          LJ-14
    1.34396e+02    2.87773e+02    3.77342e+02    1.70731e+01    1.76932e+02
     Coulomb-14        LJ (SR)   Coulomb (SR)   Coul. recip. Position Rest.
    2.41622e+03    1.79257e+04   -1.40583e+05    4.02446e+02    5.52838e+01
      Potential    Kinetic En.   Total Energy  Conserved En.    Temperature
   -1.18790e+05    2.20473e+04   -9.67427e+04   -9.58633e+04    2.95386e+02
 Pressure (bar)   Constr. rmsd
    1.72245e+02    2.41309e-06

           Step           Time
          53000      106.00000

   Energies (kJ/mol)
           Bond          Angle    Proper Dih.  Improper Dih.          LJ-14
    1.38095e+02    3.17635e+02    3.68826e+02    1.32316e+01    1.72865e+02
     Coulomb-14        LJ (SR)   Coulomb (SR)   Coul. recip. Position Rest.
    2.41574e+03    1.73938e+04   -1.39668e+05    3.76057e+02    6.04323e+01
      Potential    Kinetic En.   Total Energy  Conserved En.    Temperature
   -1.18412e+05    2.16791e+04   -9.67325e+04   -9.58539e+04    2.90453e+02
 Pressure (bar)   Constr. rmsd
   -1.87730e+02    2.22966e-06

           Step           Time
          53500      107.00000

   Energies (kJ/mol)
           Bond          Angle    Proper Dih.  Improper Dih.          LJ-14
    1.15947e+02    3.01616e+02    3.72811e+02    2.79881e+01    1.75228e+02
     Coulomb-14        LJ (SR)   Coulomb (SR)   Coul. recip. Position Rest.
    2.43235e+03    1.74151e+04   -1.39814e+05    3.77967e+02    4.29377e+01
      Potential    Kinetic En.   Total Energy  Conserved En.    Temperature
   -1.18552e+05    2.26091e+04   -9.59425e+04   -9.58688e+04    3.02913e+02
 Pressure (bar)   Constr. rmsd
   -1.69542e+02    2.43081e-06


DD  step 53999 load imb.: force  1.3%
           Step           Time
          54000      108.00000

   Energies (kJ/mol)
           Bond          Angle    Proper Dih.  Improper Dih.          LJ-14
    1.47496e+02    2.87589e+02    3.87751e+02    2.07420e+01    1.79474e+02
     Coulomb-14        LJ (SR)   Coulomb (SR)   Coul. recip. Position Rest.
    2.42405e+03    1.72312e+04   -1.39172e+05    3.89637e+02    3.63795e+01
      Potential    Kinetic En.   Total Energy  Conserved En.    Temperature
   -1.18067e+05    2.21545e+04   -9.59127e+04   -9.58558e+04    2.96823e+02
 Pressure (bar)   Constr. rmsd
   -2.63161e+02    1.50490e-06

           Step           Time
          54500      109.00000

   Energies (kJ/mol)
           Bond          Angle    Proper Dih.  Improper Dih.          LJ-14
    1.29992e+02    3.02207e+02    3.62867e+02    1.83923e+01    1.73292e+02
     Coulomb-14        LJ (SR)   Coulomb (SR)   Coul. recip. Position Rest.
    2.39674e+03    1.82151e+04   -1.40484e+05    3.86542e+02    4.67057e+01
      Potential    Kinetic En.   Total Energy  Conserved En.    Temperature
   -1.18453e+05    2.24862e+04   -9.59664e+04   -9.58597e+04    3.01266e+02
 Pressure (bar)   Constr. rmsd
    2.58564e+02    2.85738e-06

           Step           Time
          55000      110.00000

   Energies (kJ/mol)
           Bond          Angle    Proper Dih.  Improper Dih.          LJ-14
    1.41949e+02    2.54089e+02    3.77340e+02    1.87649e+01    1.67450e+02
     Coulomb-14        LJ (SR)   Coulomb (SR)   Coul. recip. Position Rest.
    2.41623e+03    1.74283e+04   -1.39645e+05    4.35422e+02    5.15801e+01
      Potential    Kinetic En.   Total Energy  Conserved En.    Temperature
   -1.18353e+05    2.24877e+04   -9.58658e+04   -9.58600e+04    3.01286e+02
 Pressure (bar)   Constr. rmsd
   -5.18420e+02    1.97298e-06

           Step           Time
          55500      111.00000

   Energies (kJ/mol)
           Bond          Angle    Proper Dih.  Improper Dih.          LJ-14
    1.08768e+02    2.89534e+02    3.55097e+02    2.27057e+01    1.99056e+02
     Coulomb-14        LJ (SR)   Coulomb (SR)   Coul. recip. Position Rest.
    2.45724e+03    1.78520e+04   -1.40419e+05    4.74919e+02    3.29687e+01
      Potential    Kinetic En.   Total Energy  Conserved En.    Temperature
   -1.18627e+05    2.23677e+04   -9.62592e+04   -9.58561e+04    2.99679e+02
 Pressure (bar)   Constr. rmsd
   -2.02371e+01    2.15868e-06


DD  step 55999 load imb.: force  3.1%
           Step           Time
          56000      112.00000

   Energies (kJ/mol)
           Bond          Angle    Proper Dih.  Improper Dih.          LJ-14
    1.41652e+02    2.84524e+02    3.93465e+02    2.18843e+01    1.85083e+02
     Coulomb-14        LJ (SR)   Coulomb (SR)   Coul. recip. Position Rest.
    2.45162e+03    1.78521e+04   -1.40251e+05    4.17911e+02    4.09971e+01
      Potential    Kinetic En.   Total Energy  Conserved En.    Temperature
   -1.18462e+05    2.23244e+04   -9.61372e+04   -9.58471e+04    2.99099e+02
 Pressure (bar)   Constr. rmsd
    3.54229e+01    2.04576e-06

           Step           Time
          56500      113.00000

   Energies (kJ/mol)
           Bond          Angle    Proper Dih.  Improper Dih.          LJ-14
    8.85073e+01    3.18258e+02    3.54395e+02    1.74322e+01    1.82179e+02
     Coulomb-14        LJ (SR)   Coulomb (SR)   Coul. recip. Position Rest.
    2.43421e+03    1.73980e+04   -1.40209e+05    3.83411e+02    4.78116e+01
      Potential    Kinetic En.   Total Energy  Conserved En.    Temperature
   -1.18985e+05    2.21673e+04   -9.68173e+04   -9.58528e+04    2.96994e+02
 Pressure (bar)   Constr. rmsd
   -1.46975e+02    2.66356e-06

           Step           Time
          57000      114.00000

   Energies (kJ/mol)
           Bond          Angle    Proper Dih.  Improper Dih.          LJ-14
    1.50272e+02    2.59949e+02    3.54626e+02    1.85634e+01    1.62763e+02
     Coulomb-14        LJ (SR)   Coulomb (SR)   Coul. recip. Position Rest.
    2.40483e+03    1.78932e+04   -1.40294e+05    3.93125e+02    4.37635e+01
      Potential    Kinetic En.   Total Energy  Conserved En.    Temperature
   -1.18613e+05    2.20251e+04   -9.65881e+04   -9.58484e+04    2.95089e+02
 Pressure (bar)   Constr. rmsd
    1.43008e+02    1.22109e-06

           Step           Time
          57500      115.00000

   Energies (kJ/mol)
           Bond          Angle    Proper Dih.  Improper Dih.          LJ-14
    1.25269e+02    3.03092e+02    3.66408e+02    1.60023e+01    1.81538e+02
     Coulomb-14        LJ (SR)   Coulomb (SR)   Coul. recip. Position Rest.
    2.45694e+03    1.79505e+04   -1.40204e+05    4.09210e+02    3.54285e+01
      Potential    Kinetic En.   Total Energy  Conserved En.    Temperature
   -1.18360e+05    2.19969e+04   -9.63631e+04   -9.58442e+04    2.94711e+02
 Pressure (bar)   Constr. rmsd
   -9.37394e+01    4.77674e-06


DD  step 57999 load imb.: force  1.2%
           Step           Time
          58000      116.00000

   Energies (kJ/mol)
           Bond          Angle    Proper Dih.  Improper Dih.          LJ-14
    1.48610e+02    3.16701e+02    3.64134e+02    1.55189e+01    1.58064e+02
     Coulomb-14        LJ (SR)   Coulomb (SR)   Coul. recip. Position Rest.
    2.42521e+03    1.78088e+04   -1.39382e+05    4.29814e+02    3.53207e+01
      Potential    Kinetic En.   Total Energy  Conserved En.    Temperature
   -1.17680e+05    2.17985e+04   -9.58816e+04   -9.58379e+04    2.92053e+02
 Pressure (bar)   Constr. rmsd
   -1.48697e+02    1.93330e-06

           Step           Time
          58500      117.00000

   Energies (kJ/mol)
           Bond          Angle    Proper Dih.  Improper Dih.          LJ-14
    1.22195e+02    2.65225e+02    3.57484e+02    2.05946e+01    1.91016e+02
     Coulomb-14        LJ (SR)   Coulomb (SR)   Coul. recip. Position Rest.
    2.45905e+03    1.76276e+04   -1.39872e+05    4.18362e+02    5.20115e+01
      Potential    Kinetic En.   Total Energy  Conserved En.    Temperature
   -1.18359e+05    2.23043e+04   -9.60546e+04   -9.58384e+04    2.98829e+02
 Pressure (bar)   Constr. rmsd
   -3.91303e+01    2.22286e-06

           Step           Time
          59000      118.00000

   Energies (kJ/mol)
           Bond          Angle    Proper Dih.  Improper Dih.          LJ-14
    1.46181e+02    2.74975e+02    3.90518e+02    1.81000e+01    1.95656e+02
     Coulomb-14        LJ (SR)   Coulomb (SR)   Coul. recip. Position Rest.
    2.47953e+03    1.76350e+04   -1.39579e+05    3.84617e+02    6.86027e+01
      Potential    Kinetic En.   Total Energy  Conserved En.    Temperature
   -1.17986e+05    2.22274e+04   -9.57583e+04   -9.58345e+04    2.97800e+02
 Pressure (bar)   Constr. rmsd
    1.56246e+02    1.26683e-06

           Step           Time
          59500      119.00000

   Energies (kJ/mol)
           Bond          Angle    Proper Dih.  Improper Dih.          LJ-14
    1.52078e+02    3.31550e+02    3.58947e+02    1.63084e+01    1.98166e+02
     Coulomb-14        LJ (SR)   Coulomb (SR)   Coul. recip. Position Rest.
    2.44550e+03    1.79357e+04   -1.39908e+05    3.97663e+02    3.51134e+01
      Potential    Kinetic En.   Total Energy  Conserved En.    Temperature
   -1.18037e+05    2.23228e+04   -9.57143e+04   -9.58263e+04    2.99077e+02
 Pressure (bar)   Constr. rmsd
    4.68823e+02    1.75655e-06


DD  step 59999 load imb.: force  1.6%
           Step           Time
          60000      120.00000

   Energies (kJ/mol)
           Bond          Angle    Proper Dih.  Improper Dih.          LJ-14
    1.56895e+02    2.89534e+02    3.73980e+02    9.74043e+00    1.80273e+02
     Coulomb-14        LJ (SR)   Coulomb (SR)   Coul. recip. Position Rest.
    2.44781e+03    1.74278e+04   -1.39531e+05    3.91074e+02    4.28840e+01
      Potential    Kinetic En.   Total Energy  Conserved En.    Temperature
   -1.18211e+05    2.24576e+04   -9.57529e+04   -9.58333e+04    3.00883e+02
 Pressure (bar)   Constr. rmsd
   -2.51730e+02    2.76989e-06

           Step           Time
          60500      121.00000

   Energies (kJ/mol)
           Bond          Angle    Proper Dih.  Improper Dih.          LJ-14
    1.48217e+02    3.08745e+02    3.50968e+02    1.89712e+01    1.92578e+02
     Coulomb-14        LJ (SR)   Coulomb (SR)   Coul. recip. Position Rest.
    2.46709e+03    1.75477e+04   -1.39608e+05    4.00057e+02    4.05280e+01
      Potential    Kinetic En.   Total Energy  Conserved En.    Temperature
   -1.18133e+05    2.24271e+04   -9.57057e+04   -9.58277e+04    3.00475e+02
 Pressure (bar)   Constr. rmsd
   -1.22492e+02    1.56800e-06

           Step           Time
          61000      122.00000

   Energies (kJ/mol)
           Bond          Angle    Proper Dih.  Improper Dih.          LJ-14
    1.54833e+02    3.06005e+02    3.48554e+02    1.32289e+01    1.63785e+02
     Coulomb-14        LJ (SR)   Coulomb (SR)   Coul. recip. Position Rest.
    2.40027e+03    1.81912e+04   -1.40504e+05    3.82403e+02    5.08881e+01
      Potential    Kinetic En.   Total Energy  Conserved En.    Temperature
   -1.18492e+05    2.22056e+04   -9.62868e+04   -9.58323e+04    2.97507e+02
 Pressure (bar)   Constr. rmsd
    2.37041e+02    1.72421e-06

           Step           Time
          61500      123.00000

   Energies (kJ/mol)
           Bond          Angle    Proper Dih.  Improper Dih.          LJ-14
    1.56476e+02    2.55746e+02    3.54121e+02    1.97772e+01    1.93201e+02
     Coulomb-14        LJ (SR)   Coulomb (SR)   Coul. recip. Position Rest.
    2.44097e+03    1.81186e+04   -1.40855e+05    3.96358e+02    4.47345e+01
      Potential    Kinetic En.   Total Energy  Conserved En.    Temperature
   -1.18875e+05    2.18907e+04   -9.69839e+04   -9.58213e+04    2.93288e+02
 Pressure (bar)   Constr. rmsd
    2.42394e+02    1.55832e-06


DD  step 61999 load imb.: force  2.1%
           Step           Time
          62000      124.00000

   Energies (kJ/mol)
           Bond          Angle    Proper Dih.  Improper Dih.          LJ-14
    1.20224e+02    2.89109e+02    3.67801e+02    1.37778e+01    1.86275e+02
     Coulomb-14        LJ (SR)   Coulomb (SR)   Coul. recip. Position Rest.
    2.43774e+03    1.80554e+04   -1.40662e+05    3.86514e+02    5.13139e+01
      Potential    Kinetic En.   Total Energy  Conserved En.    Temperature
   -1.18754e+05    2.21679e+04   -9.65859e+04   -9.58221e+04    2.97002e+02
 Pressure (bar)   Constr. rmsd
    1.27839e+02    2.02198e-06

           Step           Time
          62500      125.00000

   Energies (kJ/mol)
           Bond          Angle    Proper Dih.  Improper Dih.          LJ-14
    1.04323e+02    2.95707e+02    3.90138e+02    2.05838e+01    1.81279e+02
     Coulomb-14        LJ (SR)   Coulomb (SR)   Coul. recip. Position Rest.
    2.41310e+03    1.79982e+04   -1.40446e+05    4.09754e+02    5.05247e+01
      Potential    Kinetic En.   Total Energy  Conserved En.    Temperature
   -1.18583e+05    2.20299e+04   -9.65528e+04   -9.58275e+04    2.95154e+02
 Pressure (bar)   Constr. rmsd
    5.14062e+01    2.12790e-06

           Step           Time
          63000      126.00000

   Energies (kJ/mol)
           Bond          Angle    Proper Dih.  Improper Dih.          LJ-14
    1.31502e+02    3.05948e+02    3.85656e+02    1.94491e+01    1.96855e+02
     Coulomb-14        LJ (SR)   Coulomb (SR)   Coul. recip. Position Rest.
    2.44635e+03    1.81482e+04   -1.40173e+05    4.25000e+02    3.48527e+01
      Potential    Kinetic En.   Total Energy  Conserved En.    Temperature
   -1.18080e+05    2.16039e+04   -9.64756e+04   -9.58139e+04    2.89446e+02
 Pressure (bar)   Constr. rmsd
    4.34487e+02    2.02874e-06

           Step           Time
          63500      127.00000

   Energies (kJ/mol)
           Bond          Angle    Proper Dih.  Improper Dih.          LJ-14
    1.59390e+02    3.06495e+02    3.52692e+02    2.09060e+01    1.71285e+02
     Coulomb-14        LJ (SR)   Coulomb (SR)   Coul. recip. Position Rest.
    2.40904e+03    1.78872e+04   -1.40012e+05    3.91380e+02    4.77444e+01
      Potential    Kinetic En.   Total Energy  Conserved En.    Temperature
   -1.18265e+05    2.23941e+04   -9.58713e+04   -9.58178e+04    3.00032e+02
 Pressure (bar)   Constr. rmsd
   -4.68496e+01    2.29474e-06


DD  step 63999 load imb.: force  1.2%
           Step           Time
          64000      128.00000

   Energies (kJ/mol)
           Bond          Angle    Proper Dih.  Improper Dih.          LJ-14
    1.30238e+02    2.79696e+02    3.82019e+02    2.24179e+01    1.88882e+02
     Coulomb-14        LJ (SR)   Coulomb (SR)   Coul. recip. Position Rest.
    2.44576e+03    1.80644e+04   -1.39816e+05    4.21258e+02    4.35103e+01
      Potential    Kinetic En.   Total Energy  Conserved En.    Temperature
   -1.17838e+05    2.21885e+04   -9.56491e+04   -9.58163e+04    2.97278e+02
 Pressure (bar)   Constr. rmsd
    3.03987e+02    1.87736e-06

           Step           Time
          64500      129.00000

   Energies (kJ/mol)
           Bond          Angle    Proper Dih.  Improper Dih.          LJ-14
    1.35621e+02    2.52057e+02    3.89192e+02    3.49680e+01    1.78782e+02
     Coulomb-14        LJ (SR)   Coulomb (SR)   Coul. recip. Position Rest.
    2.48446e+03    1.78421e+04   -1.39157e+05    4.27274e+02    5.03933e+01
      Potential    Kinetic En.   Total Energy  Conserved En.    Temperature
   -1.17362e+05    2.16378e+04   -9.57242e+04   -9.58163e+04    2.89899e+02
 Pressure (bar)   Constr. rmsd
    9.55840e+01    1.45542e-06

           Step           Time
          65000      130.00000

   Energies (kJ/mol)
           Bond          Angle    Proper Dih.  Improper Dih.          LJ-14
    1.68193e+02    3.46062e+02    3.99751e+02    2.62638e+01    1.75877e+02
     Coulomb-14        LJ (SR)   Coulomb (SR)   Coul. recip. Position Rest.
    2.39323e+03    1.77142e+04   -1.39443e+05    4.07041e+02    4.04969e+01
      Potential    Kinetic En.   Total Energy  Conserved En.    Temperature
   -1.17772e+05    2.19807e+04   -9.57914e+04   -9.58074e+04    2.94493e+02
 Pressure (bar)   Constr. rmsd
   -1.93925e+02    1.98253e-06

           Step           Time
          65500      131.00000

   Energies (kJ/mol)
           Bond          Angle    Proper Dih.  Improper Dih.          LJ-14
    1.51970e+02    2.99453e+02    3.74444e+02    1.60817e+01    1.72405e+02
     Coulomb-14        LJ (SR)   Coulomb (SR)   Coul. recip. Position Rest.
    2.43314e+03    1.89231e+04   -1.41371e+05    3.95356e+02    4.82988e+01
      Potential    Kinetic En.   Total Energy  Conserved En.    Temperature
   -1.18557e+05    2.24516e+04   -9.61049e+04   -9.58131e+04    3.00803e+02
 Pressure (bar)   Constr. rmsd
    6.91976e+02    1.87182e-06


DD  step 65999 load imb.: force  1.4%
           Step           Time
          66000      132.00000

   Energies (kJ/mol)
           Bond          Angle    Proper Dih.  Improper Dih.          LJ-14
    1.33112e+02    2.96098e+02    3.88456e+02    1.95083e+01    1.61645e+02
     Coulomb-14        LJ (SR)   Coulomb (SR)   Coul. recip. Position Rest.
    2.39108e+03    1.78667e+04   -1.40174e+05    4.08958e+02    6.08951e+01
      Potential    Kinetic En.   Total Energy  Conserved En.    Temperature
   -1.18448e+05    2.19775e+04   -9.64705e+04   -9.58094e+04    2.94450e+02
 Pressure (bar)   Constr. rmsd
   -1.72267e+02    1.70920e-06

           Step           Time
          66500      133.00000

   Energies (kJ/mol)
           Bond          Angle    Proper Dih.  Improper Dih.          LJ-14
    1.30099e+02    3.04051e+02    3.46827e+02    1.55438e+01    1.83723e+02
     Coulomb-14        LJ (SR)   Coulomb (SR)   Coul. recip. Position Rest.
    2.42603e+03    1.76831e+04   -1.39843e+05    3.97727e+02    4.42465e+01
      Potential    Kinetic En.   Total Energy  Conserved En.    Temperature
   -1.18312e+05    2.20868e+04   -9.62251e+04   -9.58144e+04    2.95915e+02
 Pressure (bar)   Constr. rmsd
   -1.70368e+02    2.27025e-06

           Step           Time
          67000      134.00000

   Energies (kJ/mol)
           Bond          Angle    Proper Dih.  Improper Dih.          LJ-14
    1.28142e+02    3.22738e+02    3.43138e+02    1.77362e+01    1.68300e+02
     Coulomb-14        LJ (SR)   Coulomb (SR)   Coul. recip. Position Rest.
    2.40888e+03    1.82475e+04   -1.40330e+05    4.25579e+02    5.03755e+01
      Potential    Kinetic En.   Total Energy  Conserved En.    Temperature
   -1.18218e+05    2.21445e+04   -9.60732e+04   -9.58116e+04    2.96688e+02
 Pressure (bar)   Constr. rmsd
    1.11598e+02    2.35254e-06

           Step           Time
          67500      135.00000

   Energies (kJ/mol)
           Bond          Angle    Proper Dih.  Improper Dih.          LJ-14
    1.28854e+02    2.65789e+02    3.84601e+02    2.00740e+01    1.82111e+02
     Coulomb-14        LJ (SR)   Coulomb (SR)   Coul. recip. Position Rest.
    2.41751e+03    1.77748e+04   -1.39792e+05    4.11538e+02    4.61575e+01
      Potential    Kinetic En.   Total Energy  Conserved En.    Temperature
   -1.18160e+05    2.22855e+04   -9.58750e+04   -9.58095e+04    2.98577e+02
 Pressure (bar)   Constr. rmsd
    1.38969e+02    1.34203e-06


DD  step 67999 load imb.: force  1.5%
           Step           Time
          68000      136.00000

   Energies (kJ/mol)
           Bond          Angle    Proper Dih.  Improper Dih.          LJ-14
    1.40621e+02    2.80751e+02    3.99302e+02    2.39328e+01    1.82376e+02
     Coulomb-14        LJ (SR)   Coulomb (SR)   Coul. recip. Position Rest.
    2.44938e+03    1.79995e+04   -1.40247e+05    4.11818e+02    2.84114e+01
      Potential    Kinetic En.   Total Energy  Conserved En.    Temperature
   -1.18331e+05    2.26367e+04   -9.56946e+04   -9.58107e+04    3.03282e+02
 Pressure (bar)   Constr. rmsd
    1.74766e+02    2.09335e-06

           Step           Time
          68500      137.00000

   Energies (kJ/mol)
           Bond          Angle    Proper Dih.  Improper Dih.          LJ-14
    1.46518e+02    2.75205e+02    3.88508e+02    2.11318e+01    1.79146e+02
     Coulomb-14        LJ (SR)   Coulomb (SR)   Coul. recip. Position Rest.
    2.40448e+03    1.81425e+04   -1.40100e+05    4.46790e+02    5.55234e+01
      Potential    Kinetic En.   Total Energy  Conserved En.    Temperature
   -1.18040e+05    2.23706e+04   -9.56694e+04   -9.58001e+04    2.99718e+02
 Pressure (bar)   Constr. rmsd
    3.48547e+02    2.06192e-06

           Step           Time
          69000      138.00000

   Energies (kJ/mol)
           Bond          Angle    Proper Dih.  Improper Dih.          LJ-14
    1.55173e+02    2.98339e+02    3.71408e+02    1.91325e+01    1.75572e+02
     Coulomb-14        LJ (SR)   Coulomb (SR)   Coul. recip. Position Rest.
    2.39246e+03    1.73037e+04   -1.38899e+05    4.12161e+02    4.29679e+01
      Potential    Kinetic En.   Total Energy  Conserved En.    Temperature
   -1.17728e+05    2.25408e+04   -9.51871e+04   -9.58062e+04    3.01998e+02
 Pressure (bar)   Constr. rmsd
   -2.33677e+02    1.39930e-06

           Step           Time
          69500      139.00000

   Energies (kJ/mol)
           Bond          Angle    Proper Dih.  Improper Dih.          LJ-14
    1.38518e+02    2.99536e+02    3.63421e+02    2.72677e+01    1.92431e+02
     Coulomb-14        LJ (SR)   Coulomb (SR)   Coul. recip. Position Rest.
    2.38689e+03    1.79688e+04   -1.39706e+05    4.08810e+02    4.46506e+01
      Potential    Kinetic En.   Total Energy  Conserved En.    Temperature
   -1.17876e+05    2.27659e+04   -9.51099e+04   -9.58043e+04    3.05014e+02
 Pressure (bar)   Constr. rmsd
    9.12259e+01    1.46800e-06


DD  step 69999 load imb.: force  3.7%
           Step           Time
          70000      140.00000

   Energies (kJ/mol)
           Bond          Angle    Proper Dih.  Improper Dih.          LJ-14
    1.25098e+02    2.39142e+02    3.69481e+02    2.56759e+01    1.77083e+02
     Coulomb-14        LJ (SR)   Coulomb (SR)   Coul. recip. Position Rest.
    2.43378e+03    1.76555e+04   -1.39260e+05    4.10076e+02    4.99556e+01
      Potential    Kinetic En.   Total Energy  Conserved En.    Temperature
   -1.17774e+05    2.25105e+04   -9.52634e+04   -9.58069e+04    3.01592e+02
 Pressure (bar)   Constr. rmsd
    1.03611e+02    2.45469e-06

           Step           Time
          70500      141.00000

   Energies (kJ/mol)
           Bond          Angle    Proper Dih.  Improper Dih.          LJ-14
    1.10495e+02    3.03209e+02    3.67481e+02    2.76488e+01    1.49297e+02
     Coulomb-14        LJ (SR)   Coulomb (SR)   Coul. recip. Position Rest.
    2.42435e+03    1.82992e+04   -1.40233e+05    4.19240e+02    3.52148e+01
      Potential    Kinetic En.   Total Energy  Conserved En.    Temperature
   -1.18097e+05    2.27781e+04   -9.53185e+04   -9.58019e+04    3.05177e+02
 Pressure (bar)   Constr. rmsd
    2.67087e+02    1.02334e-06

           Step           Time
          71000      142.00000

   Energies (kJ/mol)
           Bond          Angle    Proper Dih.  Improper Dih.          LJ-14
    1.16366e+02    2.67122e+02    3.78342e+02    1.63455e+01    1.86946e+02
     Coulomb-14        LJ (SR)   Coulomb (SR)   Coul. recip. Position Rest.
    2.44579e+03    1.73199e+04   -1.39217e+05    4.03463e+02    3.79530e+01
      Potential    Kinetic En.   Total Energy  Conserved En.    Temperature
   -1.18045e+05    2.27580e+04   -9.52869e+04   -9.58042e+04    3.04908e+02
 Pressure (bar)   Constr. rmsd
   -2.98126e+02    2.77581e-06

           Step           Time
          71500      143.00000

   Energies (kJ/mol)
           Bond          Angle    Proper Dih.  Improper Dih.          LJ-14
    1.32688e+02    3.07347e+02    3.55329e+02    1.75034e+01    1.91370e+02
     Coulomb-14        LJ (SR)   Coulomb (SR)   Coul. recip. Position Rest.
    2.42982e+03    1.74409e+04   -1.39200e+05    3.92524e+02    4.26950e+01
      Potential    Kinetic En.   Total Energy  Conserved En.    Temperature
   -1.17889e+05    2.23334e+04   -9.55559e+04   -9.57951e+04    2.99220e+02
 Pressure (bar)   Constr. rmsd
   -1.35313e+02    1.67539e-06


DD  step 71999 load imb.: force  1.9%
           Step           Time
          72000      144.00000

   Energies (kJ/mol)
           Bond          Angle    Proper Dih.  Improper Dih.          LJ-14
    1.45332e+02    2.68223e+02    3.67056e+02    1.34730e+01    1.64813e+02
     Coulomb-14        LJ (SR)   Coulomb (SR)   Coul. recip. Position Rest.
    2.45153e+03    1.74885e+04   -1.39247e+05    3.92228e+02    4.49816e+01
      Potential    Kinetic En.   Total Energy  Conserved En.    Temperature
   -1.17911e+05    2.20773e+04   -9.58339e+04   -9.57929e+04    2.95788e+02
 Pressure (bar)   Constr. rmsd
   -2.22521e+02    1.62862e-06

           Step           Time
          72500      145.00000

   Energies (kJ/mol)
           Bond          Angle    Proper Dih.  Improper Dih.          LJ-14
    1.21038e+02    2.86990e+02    3.50388e+02    1.48458e+01    1.64398e+02
     Coulomb-14        LJ (SR)   Coulomb (SR)   Coul. recip. Position Rest.
    2.44420e+03    1.81169e+04   -1.39963e+05    3.92874e+02    4.60692e+01
      Potential    Kinetic En.   Total Energy  Conserved En.    Temperature
   -1.18026e+05    2.23983e+04   -9.56274e+04   -9.57873e+04    3.00088e+02
 Pressure (bar)   Constr. rmsd
    3.23737e+02    2.18407e-06

           Step           Time
          73000      146.00000

   Energies (kJ/mol)
           Bond          Angle    Proper Dih.  Improper Dih.          LJ-14
    1.78246e+02    2.51393e+02    3.64889e+02    1.34081e+01    1.66586e+02
     Coulomb-14        LJ (SR)   Coulomb (SR)   Coul. recip. Position Rest.
    2.42799e+03    1.74850e+04   -1.39628e+05    3.76243e+02    4.00584e+01
      Potential    Kinetic En.   Total Energy  Conserved En.    Temperature
   -1.18324e+05    2.26665e+04   -9.56576e+04   -9.57902e+04    3.03682e+02
 Pressure (bar)   Constr. rmsd
   -2.20564e+02    1.36659e-06

           Step           Time
          73500      147.00000

   Energies (kJ/mol)
           Bond          Angle    Proper Dih.  Improper Dih.          LJ-14
    1.31542e+02    3.33065e+02    3.64734e+02    2.26310e+01    1.76503e+02
     Coulomb-14        LJ (SR)   Coulomb (SR)   Coul. recip. Position Rest.
    2.40623e+03    1.73694e+04   -1.39291e+05    4.04180e+02    5.89350e+01
      Potential    Kinetic En.   Total Energy  Conserved En.    Temperature
   -1.18023e+05    2.17568e+04   -9.62664e+04   -9.57839e+04    2.91494e+02
 Pressure (bar)   Constr. rmsd
   -1.98010e+02    2.77708e-06


DD  step 73999 load imb.: force  2.0%
           Step           Time
          74000      148.00000

   Energies (kJ/mol)
           Bond          Angle    Proper Dih.  Improper Dih.          LJ-14
    1.54120e+02    2.69572e+02    3.74135e+02    1.83600e+01    1.77191e+02
     Coulomb-14        LJ (SR)   Coulomb (SR)   Coul. recip. Position Rest.
    2.46792e+03    1.82310e+04   -1.40558e+05    4.20125e+02    4.00687e+01
      Potential    Kinetic En.   Total Energy  Conserved En.    Temperature
   -1.18406e+05    2.23408e+04   -9.60649e+04   -9.57845e+04    2.99318e+02
 Pressure (bar)   Constr. rmsd
    8.85488e+01    1.54158e-06

           Step           Time
          74500      149.00000

   Energies (kJ/mol)
           Bond          Angle    Proper Dih.  Improper Dih.          LJ-14
    1.10523e+02    3.23382e+02    3.73327e+02    1.86862e+01    1.85287e+02
     Coulomb-14        LJ (SR)   Coulomb (SR)   Coul. recip. Position Rest.
    2.41992e+03    1.80605e+04   -1.39924e+05    3.95671e+02    3.21497e+01
      Potential    Kinetic En.   Total Energy  Conserved En.    Temperature
   -1.18004e+05    2.19377e+04   -9.60666e+04   -9.57840e+04    2.93918e+02
 Pressure (bar)   Constr. rmsd
    3.82679e+02    3.22959e-06

           Step           Time
          75000      150.00000

   Energies (kJ/mol)
           Bond          Angle    Proper Dih.  Improper Dih.          LJ-14
    1.11293e+02    2.96958e+02    3.62088e+02    1.30926e+01    1.78257e+02
     Coulomb-14        LJ (SR)   Coulomb (SR)   Coul. recip. Position Rest.
    2.44559e+03    1.76216e+04   -1.39644e+05    3.92335e+02    3.97125e+01
      Potential    Kinetic En.   Total Energy  Conserved En.    Temperature
   -1.18183e+05    2.17838e+04   -9.63991e+04   -9.57780e+04    2.91856e+02
 Pressure (bar)   Constr. rmsd
   -1.18299e+02    1.83187e-06

           Step           Time
          75500      151.00000

   Energies (kJ/mol)
           Bond          Angle    Proper Dih.  Improper Dih.          LJ-14
    1.34192e+02    2.78808e+02    3.78954e+02    1.33171e+01    1.74126e+02
     Coulomb-14        LJ (SR)   Coulomb (SR)   Coul. recip. Position Rest.
    2.36045e+03    1.79316e+04   -1.40017e+05    4.03877e+02    4.48522e+01
      Potential    Kinetic En.   Total Energy  Conserved En.    Temperature
   -1.18297e+05    2.17592e+04   -9.65379e+04   -9.57723e+04    2.91527e+02
 Pressure (bar)   Constr. rmsd
    8.20651e+01    1.97556e-06


DD  step 75999 load imb.: force  0.9%
           Step           Time
          76000      152.00000

   Energies (kJ/mol)
           Bond          Angle    Proper Dih.  Improper Dih.          LJ-14
    1.37000e+02    2.97065e+02    3.66836e+02    1.87315e+01    2.07151e+02
     Coulomb-14        LJ (SR)   Coulomb (SR)   Coul. recip. Position Rest.
    2.45982e+03    1.79892e+04   -1.40229e+05    3.98522e+02    5.49597e+01
      Potential    Kinetic En.   Total Energy  Conserved En.    Temperature
   -1.18300e+05    2.17531e+04   -9.65464e+04   -9.57737e+04    2.91444e+02
 Pressure (bar)   Constr. rmsd
    1.92229e+02    1.65217e-06

           Step           Time
          76500      153.00000

   Energies (kJ/mol)
           Bond          Angle    Proper Dih.  Improper Dih.          LJ-14
    1.21552e+02    2.91025e+02    3.51747e+02    2.76266e+01    1.94903e+02
     Coulomb-14        LJ (SR)   Coulomb (SR)   Coul. recip. Position Rest.
    2.41801e+03    1.81774e+04   -1.40587e+05    4.12116e+02    4.25227e+01
      Potential    Kinetic En.   Total Energy  Conserved En.    Temperature
   -1.18550e+05    2.24516e+04   -9.60984e+04   -9.57753e+04    3.00803e+02
 Pressure (bar)   Constr. rmsd
    1.90909e+02    2.73032e-06

           Step           Time
          77000      154.00000

   Energies (kJ/mol)
           Bond          Angle    Proper Dih.  Improper Dih.          LJ-14
    1.37528e+02    2.60253e+02    3.67413e+02    1.35311e+01    1.80480e+02
     Coulomb-14        LJ (SR)   Coulomb (SR)   Coul. recip. Position Rest.
    2.44786e+03    1.79634e+04   -1.40268e+05    3.95740e+02    4.12922e+01
      Potential    Kinetic En.   Total Energy  Conserved En.    Temperature
   -1.18461e+05    2.23304e+04   -9.61302e+04   -9.57762e+04    2.99179e+02
 Pressure (bar)   Constr. rmsd
   -2.04166e+02    3.06367e-06

           Step           Time
          77500      155.00000

   Energies (kJ/mol)
           Bond          Angle    Proper Dih.  Improper Dih.          LJ-14
    1.44781e+02    2.84934e+02    3.65278e+02    1.55237e+01    1.71924e+02
     Coulomb-14        LJ (SR)   Coulomb (SR)   Coul. recip. Position Rest.
    2.43025e+03    1.73671e+04   -1.38990e+05    3.82479e+02    4.45844e+01
      Potential    Kinetic En.   Total Energy  Conserved En.    Temperature
   -1.17783e+05    2.21300e+04   -9.56530e+04   -9.57738e+04    2.96494e+02
 Pressure (bar)   Constr. rmsd
   -3.41814e+02    1.65959e-06


DD  step 77999 load imb.: force  1.8%
           Step           Time
          78000      156.00000

   Energies (kJ/mol)
           Bond          Angle    Proper Dih.  Improper Dih.          LJ-14
    1.38172e+02    2.87604e+02    3.63158e+02    1.86058e+01    1.70750e+02
     Coulomb-14        LJ (SR)   Coulomb (SR)   Coul. recip. Position Rest.
    2.43073e+03    1.80599e+04   -1.40214e+05    4.08309e+02    3.38388e+01
      Potential    Kinetic En.   Total Energy  Conserved En.    Temperature
   -1.18303e+05    2.23349e+04   -9.59684e+04   -9.57717e+04    2.99240e+02
 Pressure (bar)   Constr. rmsd
    2.60137e+02    1.84230e-06

           Step           Time
          78500      157.00000

   Energies (kJ/mol)
           Bond          Angle    Proper Dih.  Improper Dih.          LJ-14
    1.28369e+02    3.08629e+02    3.60268e+02    1.27044e+01    1.75121e+02
     Coulomb-14        LJ (SR)   Coulomb (SR)   Coul. recip. Position Rest.
    2.46146e+03    1.74220e+04   -1.39004e+05    3.93198e+02    6.01683e+01
      Potential    Kinetic En.   Total Energy  Conserved En.    Temperature
   -1.17682e+05    2.22129e+04   -9.54687e+04   -9.57680e+04    2.97604e+02
 Pressure (bar)   Constr. rmsd
   -1.44233e+02    1.84411e-06

           Step           Time
          79000      158.00000

   Energies (kJ/mol)
           Bond          Angle    Proper Dih.  Improper Dih.          LJ-14
    1.43471e+02    2.88670e+02    3.76354e+02    1.97793e+01    1.74831e+02
     Coulomb-14        LJ (SR)   Coulomb (SR)   Coul. recip. Position Rest.
    2.40368e+03    1.79890e+04   -1.39967e+05    4.21942e+02    3.33345e+01
      Potential    Kinetic En.   Total Energy  Conserved En.    Temperature
   -1.18116e+05    2.27976e+04   -9.53184e+04   -9.57692e+04    3.05438e+02
 Pressure (bar)   Constr. rmsd
    3.09032e+02    1.75513e-06

           Step           Time
          79500      159.00000

   Energies (kJ/mol)
           Bond          Angle    Proper Dih.  Improper Dih.          LJ-14
    1.15378e+02    2.73740e+02    3.81106e+02    1.84017e+01    1.73873e+02
     Coulomb-14        LJ (SR)   Coulomb (SR)   Coul. recip. Position Rest.
    2.40623e+03    1.76896e+04   -1.39526e+05    4.21814e+02    4.70167e+01
      Potential    Kinetic En.   Total Energy  Conserved En.    Temperature
   -1.17999e+05    2.23916e+04   -9.56073e+04   -9.57753e+04    2.99999e+02
 Pressure (bar)   Constr. rmsd
   -8.57346e+01    1.75642e-06


DD  step 79999 load imb.: force  2.9%
           Step           Time
          80000      160.00000

   Energies (kJ/mol)
           Bond          Angle    Proper Dih.  Improper Dih.          LJ-14
    1.33187e+02    2.71494e+02    3.69811e+02    1.68704e+01    1.79921e+02
     Coulomb-14        LJ (SR)   Coulomb (SR)   Coul. recip. Position Rest.
    2.41994e+03    1.80719e+04   -1.40179e+05    3.84013e+02    5.20451e+01
      Potential    Kinetic En.   Total Energy  Conserved En.    Temperature
   -1.18280e+05    2.24269e+04   -9.58533e+04   -9.57666e+04    3.00471e+02
 Pressure (bar)   Constr. rmsd
    8.17530e+00    1.98079e-06

           Step           Time
          80500      161.00000

   Energies (kJ/mol)
           Bond          Angle    Proper Dih.  Improper Dih.          LJ-14
    1.06044e+02    3.16466e+02    3.64802e+02    1.37113e+01    1.74999e+02
     Coulomb-14        LJ (SR)   Coulomb (SR)   Coul. recip. Position Rest.
    2.40632e+03    1.74809e+04   -1.39613e+05    3.76709e+02    3.25081e+01
      Potential    Kinetic En.   Total Energy  Conserved En.    Temperature
   -1.18341e+05    2.25328e+04   -9.58077e+04   -9.57672e+04    3.01891e+02
 Pressure (bar)   Constr. rmsd
   -2.24190e+02    1.47381e-06

           Step           Time
          81000      162.00000

   Energies (kJ/mol)
           Bond          Angle    Proper Dih.  Improper Dih.          LJ-14
    1.37002e+02    2.94568e+02    3.60039e+02    1.68984e+01    1.71857e+02
     Coulomb-14        LJ (SR)   Coulomb (SR)   Coul. recip. Position Rest.
    2.42823e+03    1.79851e+04   -1.40243e+05    4.24255e+02    2.93091e+01
      Potential    Kinetic En.   Total Energy  Conserved En.    Temperature
   -1.18395e+05    2.24104e+04   -9.59850e+04   -9.57633e+04    3.00250e+02
 Pressure (bar)   Constr. rmsd
    1.18457e+02    1.39587e-06

           Step           Time
          81500      163.00000

   Energies (kJ/mol)
           Bond          Angle    Proper Dih.  Improper Dih.          LJ-14
    1.04542e+02    3.06606e+02    3.49268e+02    1.27551e+01    1.89085e+02
     Coulomb-14        LJ (SR)   Coulomb (SR)   Coul. recip. Position Rest.
    2.42009e+03    1.80716e+04   -1.40527e+05    4.01456e+02    5.19202e+01
      Potential    Kinetic En.   Total Energy  Conserved En.    Temperature
   -1.18619e+05    2.25335e+04   -9.60857e+04   -9.57594e+04    3.01901e+02
 Pressure (bar)   Constr. rmsd
    3.17240e+02    2.48308e-06


DD  step 81999 load imb.: force  2.0%
           Step           Time
          82000      164.00000

   Energies (kJ/mol)
           Bond          Angle    Proper Dih.  Improper Dih.          LJ-14
    1.43649e+02    3.07314e+02    3.40578e+02    1.81257e+01    1.81041e+02
     Coulomb-14        LJ (SR)   Coulomb (SR)   Coul. recip. Position Rest.
    2.46469e+03    1.76174e+04   -1.39798e+05    4.33078e+02    3.68735e+01
      Potential    Kinetic En.   Total Energy  Conserved En.    Temperature
   -1.18255e+05    2.23283e+04   -9.59268e+04   -9.57559e+04    2.99151e+02
 Pressure (bar)   Constr. rmsd
   -3.33710e+02    1.79355e-06

           Step           Time
          82500      165.00000

   Energies (kJ/mol)
           Bond          Angle    Proper Dih.  Improper Dih.          LJ-14
    1.21308e+02    3.26792e+02    3.54538e+02    1.48158e+01    1.76356e+02
     Coulomb-14        LJ (SR)   Coulomb (SR)   Coul. recip. Position Rest.
    2.38660e+03    1.75102e+04   -1.39461e+05    3.94100e+02    3.78786e+01
      Potential    Kinetic En.   Total Energy  Conserved En.    Temperature
   -1.18139e+05    2.21757e+04   -9.59630e+04   -9.57575e+04    2.97106e+02
 Pressure (bar)   Constr. rmsd
   -1.07238e+02    1.27982e-06

           Step           Time
          83000      166.00000

   Energies (kJ/mol)
           Bond          Angle    Proper Dih.  Improper Dih.          LJ-14
    1.42081e+02    3.22915e+02    3.52378e+02    1.37295e+01    1.67031e+02
     Coulomb-14        LJ (SR)   Coulomb (SR)   Coul. recip. Position Rest.
    2.40512e+03    1.79691e+04   -1.40723e+05    4.00515e+02    5.98521e+01
      Potential    Kinetic En.   Total Energy  Conserved En.    Temperature
   -1.18891e+05    2.25714e+04   -9.63191e+04   -9.57580e+04    3.02408e+02
 Pressure (bar)   Constr. rmsd
   -2.00696e+02    2.37579e-06

           Step           Time
          83500      167.00000

   Energies (kJ/mol)
           Bond          Angle    Proper Dih.  Improper Dih.          LJ-14
    1.43770e+02    2.86646e+02    3.47865e+02    1.65095e+01    1.73657e+02
     Coulomb-14        LJ (SR)   Coulomb (SR)   Coul. recip. Position Rest.
    2.43423e+03    1.75289e+04   -1.40215e+05    4.19989e+02    3.83867e+01
      Potential    Kinetic En.   Total Energy  Conserved En.    Temperature
   -1.18825e+05    2.25523e+04   -9.62732e+04   -9.57565e+04    3.02151e+02
 Pressure (bar)   Constr. rmsd
   -3.74950e+02    7.18489e-06


DD  step 83999 load imb.: force  0.5%
           Step           Time
          84000      168.00000

   Energies (kJ/mol)
           Bond          Angle    Proper Dih.  Improper Dih.          LJ-14
    1.11499e+02    3.18572e+02    3.68679e+02    1.91692e+01    1.88393e+02
     Coulomb-14        LJ (SR)   Coulomb (SR)   Coul. recip. Position Rest.
    2.43594e+03    1.76777e+04   -1.39829e+05    4.16448e+02    5.14015e+01
      Potential    Kinetic En.   Total Energy  Conserved En.    Temperature
   -1.18241e+05    2.24379e+04   -9.58034e+04   -9.57511e+04    3.00619e+02
 Pressure (bar)   Constr. rmsd
    2.15088e+02    4.47874e-06

           Step           Time
          84500      169.00000

   Energies (kJ/mol)
           Bond          Angle    Proper Dih.  Improper Dih.          LJ-14
    1.40879e+02    2.78307e+02    3.49032e+02    1.68777e+01    1.67956e+02
     Coulomb-14        LJ (SR)   Coulomb (SR)   Coul. recip. Position Rest.
    2.46123e+03    1.83135e+04   -1.40798e+05    4.14294e+02    4.83977e+01
      Potential    Kinetic En.   Total Energy  Conserved En.    Temperature
   -1.18607e+05    2.23317e+04   -9.62754e+04   -9.57472e+04    2.99197e+02
 Pressure (bar)   Constr. rmsd
    1.45460e+02    2.27766e-06

           Step           Time
          85000      170.00000

   Energies (kJ/mol)
           Bond          Angle    Proper Dih.  Improper Dih.          LJ-14
    1.17823e+02    3.22284e+02    3.69520e+02    1.35157e+01    1.63428e+02
     Coulomb-14        LJ (SR)   Coulomb (SR)   Coul. recip. Position Rest.
    2.44383e+03    1.78724e+04   -1.40146e+05    4.01059e+02    4.80095e+01
      Potential    Kinetic En.   Total Energy  Conserved En.    Temperature
   -1.18394e+05    2.21966e+04   -9.61975e+04   -9.57428e+04    2.97386e+02
 Pressure (bar)   Constr. rmsd
   -1.98669e+02    2.08043e-06

           Step           Time
          85500      171.00000

   Energies (kJ/mol)
           Bond          Angle    Proper Dih.  Improper Dih.          LJ-14
    1.37336e+02    2.55567e+02    3.82839e+02    2.24987e+01    1.76773e+02
     Coulomb-14        LJ (SR)   Coulomb (SR)   Coul. recip. Position Rest.
    2.40690e+03    1.78797e+04   -1.40013e+05    4.09577e+02    4.23384e+01
      Potential    Kinetic En.   Total Energy  Conserved En.    Temperature
   -1.18300e+05    2.21847e+04   -9.61151e+04   -9.57440e+04    2.97227e+02
 Pressure (bar)   Constr. rmsd
   -1.02306e+02    2.15946e-06


DD  step 85999 load imb.: force  1.6%
           Step           Time
          86000      172.00000

   Energies (kJ/mol)
           Bond          Angle    Proper Dih.  Improper Dih.          LJ-14
    1.18865e+02    2.51538e+02    3.52273e+02    1.57784e+01    1.78628e+02
     Coulomb-14        LJ (SR)   Coulomb (SR)   Coul. recip. Position Rest.
    2.43764e+03    1.77939e+04   -1.39540e+05    3.66705e+02    4.63475e+01
      Potential    Kinetic En.   Total Energy  Conserved En.    Temperature
   -1.17978e+05    2.22620e+04   -9.57161e+04   -9.57457e+04    2.98262e+02
 Pressure (bar)   Constr. rmsd
    1.32450e+02    2.55224e-06

           Step           Time
          86500      173.00000

   Energies (kJ/mol)
           Bond          Angle    Proper Dih.  Improper Dih.          LJ-14
    1.17107e+02    3.14426e+02    3.60338e+02    1.46727e+01    1.89159e+02
     Coulomb-14        LJ (SR)   Coulomb (SR)   Coul. recip. Position Rest.
    2.45402e+03    1.79323e+04   -1.39932e+05    4.23400e+02    4.27348e+01
      Potential    Kinetic En.   Total Energy  Conserved En.    Temperature
   -1.18084e+05    2.22756e+04   -9.58082e+04   -9.57399e+04    2.98445e+02
 Pressure (bar)   Constr. rmsd
    2.03901e+02    1.59192e-06

           Step           Time
          87000      174.00000

   Energies (kJ/mol)
           Bond          Angle    Proper Dih.  Improper Dih.          LJ-14
    1.20557e+02    2.97441e+02    3.81438e+02    2.72676e+01    1.56184e+02
     Coulomb-14        LJ (SR)   Coulomb (SR)   Coul. recip. Position Rest.
    2.42808e+03    1.80429e+04   -1.40242e+05    4.24075e+02    5.40695e+01
      Potential    Kinetic En.   Total Energy  Conserved En.    Temperature
   -1.18310e+05    2.24688e+04   -9.58413e+04   -9.57369e+04    3.01034e+02
 Pressure (bar)   Constr. rmsd
    5.25583e+01    2.49870e-06

           Step           Time
          87500      175.00000

   Energies (kJ/mol)
           Bond          Angle    Proper Dih.  Improper Dih.          LJ-14
    1.51663e+02    2.55676e+02    3.90209e+02    1.98418e+01    1.90043e+02
     Coulomb-14        LJ (SR)   Coulomb (SR)   Coul. recip. Position Rest.
    2.41104e+03    1.76262e+04   -1.39429e+05    3.92632e+02    4.25829e+01
      Potential    Kinetic En.   Total Energy  Conserved En.    Temperature
   -1.17949e+05    2.23586e+04   -9.55904e+04   -9.57385e+04    2.99557e+02
 Pressure (bar)   Constr. rmsd
    4.18102e+01    1.42915e-06


DD  step 87999 load imb.: force  2.0%
           Step           Time
          88000      176.00000

   Energies (kJ/mol)
           Bond          Angle    Proper Dih.  Improper Dih.          LJ-14
    1.07455e+02    3.59652e+02    3.69897e+02    1.81203e+01    1.63632e+02
     Coulomb-14        LJ (SR)   Coulomb (SR)   Coul. recip. Position Rest.
    2.41491e+03    1.79401e+04   -1.39739e+05    3.98461e+02    4.81673e+01
      Potential    Kinetic En.   Total Energy  Conserved En.    Temperature
   -1.17919e+05    2.24071e+04   -9.55117e+04   -9.57349e+04    3.00207e+02
 Pressure (bar)   Constr. rmsd
    3.94099e+01    1.72941e-06

           Step           Time
          88500      177.00000

   Energies (kJ/mol)
           Bond          Angle    Proper Dih.  Improper Dih.          LJ-14
    1.49060e+02    2.95012e+02    3.33102e+02    7.49756e+00    1.71716e+02
     Coulomb-14        LJ (SR)   Coulomb (SR)   Coul. recip. Position Rest.
    2.42785e+03    1.74744e+04   -1.39344e+05    4.20109e+02    4.11833e+01
      Potential    Kinetic En.   Total Energy  Conserved En.    Temperature
   -1.18024e+05    2.23470e+04   -9.56770e+04   -9.57333e+04    2.99402e+02
 Pressure (bar)   Constr. rmsd
   -3.22831e+02    1.22684e-06

           Step           Time
          89000      178.00000

   Energies (kJ/mol)
           Bond          Angle    Proper Dih.  Improper Dih.          LJ-14
    1.21540e+02    3.26359e+02    3.59785e+02    1.83142e+01    1.70361e+02
     Coulomb-14        LJ (SR)   Coulomb (SR)   Coul. recip. Position Rest.
    2.41379e+03    1.80050e+04   -1.40123e+05    3.98004e+02    4.23737e+01
      Potential    Kinetic En.   Total Energy  Conserved En.    Temperature
   -1.18268e+05    2.24792e+04   -9.57884e+04   -9.57338e+04    3.01172e+02
 Pressure (bar)   Constr. rmsd
    2.02822e+01    1.60923e-06

           Step           Time
          89500      179.00000

   Energies (kJ/mol)
           Bond          Angle    Proper Dih.  Improper Dih.          LJ-14
    1.07651e+02    2.89269e+02    3.57856e+02    1.63513e+01    1.82294e+02
     Coulomb-14        LJ (SR)   Coulomb (SR)   Coul. recip. Position Rest.
    2.42242e+03    1.81988e+04   -1.40765e+05    3.76622e+02    5.05284e+01
      Potential    Kinetic En.   Total Energy  Conserved En.    Temperature
   -1.18764e+05    2.24231e+04   -9.63404e+04   -9.57381e+04    3.00421e+02
 Pressure (bar)   Constr. rmsd
    3.42101e+02    2.98987e-06


DD  step 89999 load imb.: force  2.1%
           Step           Time
          90000      180.00000

   Energies (kJ/mol)
           Bond          Angle    Proper Dih.  Improper Dih.          LJ-14
    1.03249e+02    2.54114e+02    3.74919e+02    2.38563e+01    1.77463e+02
     Coulomb-14        LJ (SR)   Coulomb (SR)   Coul. recip. Position Rest.
    2.42735e+03    1.80432e+04   -1.40566e+05    3.99595e+02    5.06899e+01
      Potential    Kinetic En.   Total Energy  Conserved En.    Temperature
   -1.18712e+05    2.24170e+04   -9.62945e+04   -9.57322e+04    3.00340e+02
 Pressure (bar)   Constr. rmsd
    1.59661e+02    2.29870e-06

           Step           Time
          90500      181.00000

   Energies (kJ/mol)
           Bond          Angle    Proper Dih.  Improper Dih.          LJ-14
    1.24688e+02    2.42937e+02    3.73066e+02    2.40988e+01    1.74180e+02
     Coulomb-14        LJ (SR)   Coulomb (SR)   Coul. recip. Position Rest.
    2.45078e+03    1.75567e+04   -1.39295e+05    4.12012e+02    4.84077e+01
      Potential    Kinetic En.   Total Energy  Conserved En.    Temperature
   -1.17888e+05    2.19283e+04   -9.59595e+04   -9.57274e+04    2.93792e+02
 Pressure (bar)   Constr. rmsd
   -1.05397e+02    2.32684e-06

           Step           Time
          91000      182.00000

   Energies (kJ/mol)
           Bond          Angle    Proper Dih.  Improper Dih.          LJ-14
    1.57652e+02    2.81443e+02    3.61895e+02    1.03053e+01    1.64449e+02
     Coulomb-14        LJ (SR)   Coulomb (SR)   Coul. recip. Position Rest.
    2.39107e+03    1.77979e+04   -1.39456e+05    3.93118e+02    4.43000e+01
      Potential    Kinetic En.   Total Energy  Conserved En.    Temperature
   -1.17854e+05    2.21968e+04   -9.56571e+04   -9.57297e+04    2.97390e+02
 Pressure (bar)   Constr. rmsd
   -1.74337e+02    1.53207e-06

           Step           Time
          91500      183.00000

   Energies (kJ/mol)
           Bond          Angle    Proper Dih.  Improper Dih.          LJ-14
    1.44903e+02    2.85197e+02    3.41493e+02    1.27408e+01    1.64088e+02
     Coulomb-14        LJ (SR)   Coulomb (SR)   Coul. recip. Position Rest.
    2.39525e+03    1.76634e+04   -1.39661e+05    4.00076e+02    4.34122e+01
      Potential    Kinetic En.   Total Energy  Conserved En.    Temperature
   -1.18211e+05    2.23388e+04   -9.58720e+04   -9.57219e+04    2.99292e+02
 Pressure (bar)   Constr. rmsd
   -1.57928e+02    1.33138e-06


DD  step 91999 load imb.: force  2.0%
           Step           Time
          92000      184.00000

   Energies (kJ/mol)
           Bond          Angle    Proper Dih.  Improper Dih.          LJ-14
    1.55429e+02    2.74445e+02    3.67590e+02    2.42851e+01    1.63026e+02
     Coulomb-14        LJ (SR)   Coulomb (SR)   Coul. recip. Position Rest.
    2.39001e+03    1.80441e+04   -1.39790e+05    3.84571e+02    5.27334e+01
      Potential    Kinetic En.   Total Energy  Conserved En.    Temperature
   -1.17934e+05    2.18203e+04   -9.61134e+04   -9.57219e+04    2.92344e+02
 Pressure (bar)   Constr. rmsd
    5.66261e+01    1.74966e-06

           Step           Time
          92500      185.00000

   Energies (kJ/mol)
           Bond          Angle    Proper Dih.  Improper Dih.          LJ-14
    1.33291e+02    2.66868e+02    3.59806e+02    1.43069e+01    1.80610e+02
     Coulomb-14        LJ (SR)   Coulomb (SR)   Coul. recip. Position Rest.
    2.41582e+03    1.76072e+04   -1.39231e+05    4.09511e+02    3.95322e+01
      Potential    Kinetic En.   Total Energy  Conserved En.    Temperature
   -1.17804e+05    2.22873e+04   -9.55165e+04   -9.57223e+04    2.98601e+02
 Pressure (bar)   Constr. rmsd
   -2.50460e+01    1.42695e-06

           Step           Time
          93000      186.00000

   Energies (kJ/mol)
           Bond          Angle    Proper Dih.  Improper Dih.          LJ-14
    1.23195e+02    2.53181e+02    3.72630e+02    2.53853e+01    1.75731e+02
     Coulomb-14        LJ (SR)   Coulomb (SR)   Coul. recip. Position Rest.
    2.42866e+03    1.83125e+04   -1.40551e+05    3.66807e+02    3.56452e+01
      Potential    Kinetic En.   Total Energy  Conserved En.    Temperature
   -1.18457e+05    2.21164e+04   -9.63405e+04   -9.57216e+04    2.96312e+02
 Pressure (bar)   Constr. rmsd
    1.54387e+02    1.16544e-06

           Step           Time
          93500      187.00000

   Energies (kJ/mol)
           Bond          Angle    Proper Dih.  Improper Dih.          LJ-14
    1.31789e+02    2.79294e+02    3.55853e+02    2.10557e+01    1.85099e+02
     Coulomb-14        LJ (SR)   Coulomb (SR)   Coul. recip. Position Rest.
    2.41958e+03    1.79564e+04   -1.40174e+05    4.06522e+02    6.42649e+01
      Potential    Kinetic En.   Total Energy  Conserved En.    Temperature
   -1.18354e+05    2.22427e+04   -9.61116e+04   -9.57234e+04    2.98004e+02
 Pressure (bar)   Constr. rmsd
   -1.42848e+02    1.22682e-06


DD  step 93999 load imb.: force  2.0%
           Step           Time
          94000      188.00000

   Energies (kJ/mol)
           Bond          Angle    Proper Dih.  Improper Dih.          LJ-14
    1.18304e+02    3.05985e+02    3.77619e+02    1.94625e+01    1.69498e+02
     Coulomb-14        LJ (SR)   Coulomb (SR)   Coul. recip. Position Rest.
    2.44768e+03    1.78802e+04   -1.40116e+05    4.11899e+02    5.18728e+01
      Potential    Kinetic En.   Total Energy  Conserved En.    Temperature
   -1.18334e+05    2.25193e+04   -9.58144e+04   -9.57234e+04    3.01710e+02
 Pressure (bar)   Constr. rmsd
    9.85785e+01    2.05151e-06

           Step           Time
          94500      189.00000

   Energies (kJ/mol)
           Bond          Angle    Proper Dih.  Improper Dih.          LJ-14
    1.43713e+02    2.80285e+02    3.77926e+02    1.59568e+01    1.57382e+02
     Coulomb-14        LJ (SR)   Coulomb (SR)   Coul. recip. Position Rest.
    2.40174e+03    1.71618e+04   -1.39225e+05    3.90399e+02    4.30871e+01
      Potential    Kinetic En.   Total Energy  Conserved En.    Temperature
   -1.18253e+05    2.22336e+04   -9.60196e+04   -9.57223e+04    2.97883e+02
 Pressure (bar)   Constr. rmsd
   -5.33234e+02    2.24651e-06

           Step           Time
          95000      190.00000

   Energies (kJ/mol)
           Bond          Angle    Proper Dih.  Improper Dih.          LJ-14
    1.21432e+02    2.84675e+02    3.92955e+02    1.57895e+01    1.73969e+02
     Coulomb-14        LJ (SR)   Coulomb (SR)   Coul. recip. Position Rest.
    2.42070e+03    1.85616e+04   -1.41068e+05    3.96833e+02    5.18339e+01
      Potential    Kinetic En.   Total Energy  Conserved En.    Temperature
   -1.18649e+05    2.21033e+04   -9.65453e+04   -9.57170e+04    2.96136e+02
 Pressure (bar)   Constr. rmsd
    4.58570e+02    1.67938e-06

           Step           Time
          95500      191.00000

   Energies (kJ/mol)
           Bond          Angle    Proper Dih.  Improper Dih.          LJ-14
    1.61731e+02    2.88080e+02    3.58639e+02    2.91156e+01    1.57401e+02
     Coulomb-14        LJ (SR)   Coulomb (SR)   Coul. recip. Position Rest.
    2.39850e+03    1.79972e+04   -1.40558e+05    4.34837e+02    3.98509e+01
      Potential    Kinetic En.   Total Energy  Conserved En.    Temperature
   -1.18693e+05    2.23009e+04   -9.63922e+04   -9.57060e+04    2.98783e+02
 Pressure (bar)   Constr. rmsd
   -3.04122e+02    9.93000e-07


DD  step 95999 load imb.: force  3.5%
           Step           Time
          96000      192.00000

   Energies (kJ/mol)
           Bond          Angle    Proper Dih.  Improper Dih.          LJ-14
    1.52575e+02    3.07435e+02    3.82044e+02    1.46913e+01    1.73518e+02
     Coulomb-14        LJ (SR)   Coulomb (SR)   Coul. recip. Position Rest.
    2.41669e+03    1.91055e+04   -1.41556e+05    4.20240e+02    4.85848e+01
      Potential    Kinetic En.   Total Energy  Conserved En.    Temperature
   -1.18535e+05    2.22024e+04   -9.63325e+04   -9.57095e+04    2.97465e+02
 Pressure (bar)   Constr. rmsd
    4.30722e+02    2.16002e-06

           Step           Time
          96500      193.00000

   Energies (kJ/mol)
           Bond          Angle    Proper Dih.  Improper Dih.          LJ-14
    1.70027e+02    3.31433e+02    3.93967e+02    1.42824e+01    1.59763e+02
     Coulomb-14        LJ (SR)   Coulomb (SR)   Coul. recip. Position Rest.
    2.40823e+03    1.75751e+04   -1.39852e+05    3.97651e+02    4.38812e+01
      Potential    Kinetic En.   Total Energy  Conserved En.    Temperature
   -1.18357e+05    2.22948e+04   -9.60624e+04   -9.57088e+04    2.98702e+02
 Pressure (bar)   Constr. rmsd
   -4.70420e+02    1.65015e-06

           Step           Time
          97000      194.00000

   Energies (kJ/mol)
           Bond          Angle    Proper Dih.  Improper Dih.          LJ-14
    1.31915e+02    3.06290e+02    3.64329e+02    1.32553e+01    1.95350e+02
     Coulomb-14        LJ (SR)   Coulomb (SR)   Coul. recip. Position Rest.
    2.44875e+03    1.79480e+04   -1.40220e+05    4.39751e+02    6.15375e+01
      Potential    Kinetic En.   Total Energy  Conserved En.    Temperature
   -1.18310e+05    2.25871e+04   -9.57233e+04   -9.57117e+04    3.02619e+02
 Pressure (bar)   Constr. rmsd
    1.69272e+02    1.67084e-06

           Step           Time
          97500      195.00000

   Energies (kJ/mol)
           Bond          Angle    Proper Dih.  Improper Dih.          LJ-14
    1.68535e+02    2.70695e+02    3.97162e+02    1.43529e+01    1.69322e+02
     Coulomb-14        LJ (SR)   Coulomb (SR)   Coul. recip. Position Rest.
    2.42109e+03    1.76592e+04   -1.40121e+05    4.07913e+02    5.27313e+01
      Potential    Kinetic En.   Total Energy  Conserved En.    Temperature
   -1.18560e+05    2.26736e+04   -9.58860e+04   -9.57070e+04    3.03777e+02
 Pressure (bar)   Constr. rmsd
   -9.96773e+01    2.09502e-06


DD  step 97999 load imb.: force  1.3%
           Step           Time
          98000      196.00000

   Energies (kJ/mol)
           Bond          Angle    Proper Dih.  Improper Dih.          LJ-14
    1.54676e+02    3.21768e+02    3.78621e+02    1.72130e+01    1.92060e+02
     Coulomb-14        LJ (SR)   Coulomb (SR)   Coul. recip. Position Rest.
    2.47567e+03    1.78073e+04   -1.40186e+05    4.07402e+02    5.81724e+01
      Potential    Kinetic En.   Total Energy  Conserved En.    Temperature
   -1.18373e+05    2.18843e+04   -9.64883e+04   -9.56977e+04    2.93203e+02
 Pressure (bar)   Constr. rmsd
   -1.02799e+02    1.83206e-06

           Step           Time
          98500      197.00000

   Energies (kJ/mol)
           Bond          Angle    Proper Dih.  Improper Dih.          LJ-14
    1.31759e+02    3.00685e+02    4.03337e+02    1.58393e+01    1.77713e+02
     Coulomb-14        LJ (SR)   Coulomb (SR)   Coul. recip. Position Rest.
    2.45436e+03    1.79433e+04   -1.40974e+05    4.02800e+02    4.59688e+01
      Potential    Kinetic En.   Total Energy  Conserved En.    Temperature
   -1.19098e+05    2.21761e+04   -9.69221e+04   -9.57040e+04    2.97111e+02
 Pressure (bar)   Constr. rmsd
    2.19418e+01    2.23738e-06

           Step           Time
          99000      198.00000

   Energies (kJ/mol)
           Bond          Angle    Proper Dih.  Improper Dih.          LJ-14
    1.40664e+02    2.83047e+02    3.75802e+02    2.03874e+01    1.79678e+02
     Coulomb-14        LJ (SR)   Coulomb (SR)   Coul. recip. Position Rest.
    2.43884e+03    1.84074e+04   -1.41889e+05    3.79154e+02    4.08481e+01
      Potential    Kinetic En.   Total Energy  Conserved En.    Temperature
   -1.19623e+05    2.21178e+04   -9.75052e+04   -9.56997e+04    2.96331e+02
 Pressure (bar)   Constr. rmsd
    2.95879e+02    2.39344e-06

           Step           Time
          99500      199.00000

   Energies (kJ/mol)
           Bond          Angle    Proper Dih.  Improper Dih.          LJ-14
    1.54942e+02    3.01231e+02    3.75219e+02    1.60205e+01    1.76295e+02
     Coulomb-14        LJ (SR)   Coulomb (SR)   Coul. recip. Position Rest.
    2.40510e+03    1.80835e+04   -1.41414e+05    3.72053e+02    4.46869e+01
      Potential    Kinetic En.   Total Energy  Conserved En.    Temperature
   -1.19485e+05    2.20299e+04   -9.74552e+04   -9.56956e+04    2.95153e+02
 Pressure (bar)   Constr. rmsd
   -1.23224e+02    3.66398e-06


DD  step 99999 load imb.: force  2.8%
           Step           Time
         100000      200.00000

   Energies (kJ/mol)
           Bond          Angle    Proper Dih.  Improper Dih.          LJ-14
    1.31787e+02    2.85503e+02    3.90866e+02    1.73603e+01    1.62473e+02
     Coulomb-14        LJ (SR)   Coulomb (SR)   Coul. recip. Position Rest.
    2.40944e+03    1.83363e+04   -1.41366e+05    4.14709e+02    6.24171e+01
      Potential    Kinetic En.   Total Energy  Conserved En.    Temperature
   -1.19156e+05    2.20093e+04   -9.71462e+04   -9.57023e+04    2.94877e+02
 Pressure (bar)   Constr. rmsd
   -1.17165e+02    2.42377e-06

           Step           Time
         100500      201.00000

   Energies (kJ/mol)
           Bond          Angle    Proper Dih.  Improper Dih.          LJ-14
    1.30119e+02    3.08583e+02    3.73639e+02    2.83229e+01    1.67566e+02
     Coulomb-14        LJ (SR)   Coulomb (SR)   Coul. recip. Position Rest.
    2.37609e+03    1.81912e+04   -1.40992e+05    3.92022e+02    5.35472e+01
      Potential    Kinetic En.   Total Energy  Conserved En.    Temperature
   -1.18971e+05    2.18615e+04   -9.71094e+04   -9.57067e+04    2.92896e+02
 Pressure (bar)   Constr. rmsd
   -7.08594e+01    3.37046e-06

           Step           Time
         101000      202.00000

   Energies (kJ/mol)
           Bond          Angle    Proper Dih.  Improper Dih.          LJ-14
    1.38665e+02    3.05306e+02    3.52706e+02    1.07168e+01    1.62856e+02
     Coulomb-14        LJ (SR)   Coulomb (SR)   Coul. recip. Position Rest.
    2.39846e+03    1.82241e+04   -1.40729e+05    4.42848e+02    5.05229e+01
      Potential    Kinetic En.   Total Energy  Conserved En.    Temperature
   -1.18642e+05    2.18591e+04   -9.67832e+04   -9.57011e+04    2.92864e+02
 Pressure (bar)   Constr. rmsd
    4.90094e+01    3.77250e-06

           Step           Time
         101500      203.00000

   Energies (kJ/mol)
           Bond          Angle    Proper Dih.  Improper Dih.          LJ-14
    1.43123e+02    3.42811e+02    3.65515e+02    2.27853e+01    1.73233e+02
     Coulomb-14        LJ (SR)   Coulomb (SR)   Coul. recip. Position Rest.
    2.39805e+03    1.81503e+04   -1.40789e+05    4.20645e+02    5.18921e+01
      Potential    Kinetic En.   Total Energy  Conserved En.    Temperature
   -1.18720e+05    2.22811e+04   -9.64393e+04   -9.56950e+04    2.98518e+02
 Pressure (bar)   Constr. rmsd
   -4.04817e+01    2.23180e-06


DD  step 101999 load imb.: force  3.6%
           Step           Time
         102000      204.00000

   Energies (kJ/mol)
           Bond          Angle    Proper Dih.  Improper Dih.          LJ-14
    1.36245e+02    3.64192e+02    3.73172e+02    3.80284e+01    1.61981e+02
     Coulomb-14        LJ (SR)   Coulomb (SR)   Coul. recip. Position Rest.
    2.39016e+03    1.80357e+04   -1.40454e+05    3.86665e+02    6.09767e+01
      Potential    Kinetic En.   Total Energy  Conserved En.    Temperature
   -1.18507e+05    2.22643e+04   -9.62431e+04   -9.56882e+04    2.98293e+02
 Pressure (bar)   Constr. rmsd
    6.65620e+01    2.95428e-06

           Step           Time
         102500      205.00000

   Energies (kJ/mol)
           Bond          Angle    Proper Dih.  Improper Dih.          LJ-14
    1.65066e+02    2.68067e+02    4.01201e+02    1.98804e+01    1.64976e+02
     Coulomb-14        LJ (SR)   Coulomb (SR)   Coul. recip. Position Rest.
    2.43340e+03    1.80243e+04   -1.40192e+05    4.39825e+02    4.79052e+01
      Potential    Kinetic En.   Total Energy  Conserved En.    Temperature
   -1.18228e+05    2.23383e+04   -9.58893e+04   -9.56920e+04    2.99285e+02
 Pressure (bar)   Constr. rmsd
    1.60298e+02    2.54886e-06

           Step           Time
         103000      206.00000

   Energies (kJ/mol)
           Bond          Angle    Proper Dih.  Improper Dih.          LJ-14
    1.47251e+02    3.61648e+02    4.20389e+02    1.84323e+01    1.83041e+02
     Coulomb-14        LJ (SR)   Coulomb (SR)   Coul. recip. Position Rest.
    2.43328e+03    1.75312e+04   -1.39908e+05    4.09798e+02    4.26383e+01
      Potential    Kinetic En.   Total Energy  Conserved En.    Temperature
   -1.18360e+05    2.22232e+04   -9.61373e+04   -9.56818e+04    2.97742e+02
 Pressure (bar)   Constr. rmsd
   -2.57132e+02    1.76321e-06

           Step           Time
         103500      207.00000

   Energies (kJ/mol)
           Bond          Angle    Proper Dih.  Improper Dih.          LJ-14
    1.59870e+02    2.78935e+02    4.43794e+02    2.03271e+01    1.71138e+02
     Coulomb-14        LJ (SR)   Coulomb (SR)   Coul. recip. Position Rest.
    2.40014e+03    1.77909e+04   -1.39998e+05    4.26788e+02    3.44349e+01
      Potential    Kinetic En.   Total Energy  Conserved En.    Temperature
   -1.18272e+05    2.20106e+04   -9.62612e+04   -9.56928e+04    2.94895e+02
 Pressure (bar)   Constr. rmsd
   -1.33750e+02    2.74046e-06


DD  step 103999 load imb.: force  2.5%
           Step           Time
         104000      208.00000

   Energies (kJ/mol)
           Bond          Angle    Proper Dih.  Improper Dih.          LJ-14
    1.33852e+02    2.83237e+02    4.03615e+02    2.37878e+01    1.67536e+02
     Coulomb-14        LJ (SR)   Coulomb (SR)   Coul. recip. Position Rest.
    2.40525e+03    1.79328e+04   -1.40090e+05    4.34702e+02    4.92596e+01
      Potential    Kinetic En.   Total Energy  Conserved En.    Temperature
   -1.18256e+05    2.19731e+04   -9.62831e+04   -9.56856e+04    2.94393e+02
 Pressure (bar)   Constr. rmsd
    5.18259e+01    2.14508e-06

           Step           Time
         104500      209.00000

   Energies (kJ/mol)
           Bond          Angle    Proper Dih.  Improper Dih.          LJ-14
    1.59132e+02    2.85399e+02    3.73667e+02    1.64676e+01    1.71845e+02
     Coulomb-14        LJ (SR)   Coulomb (SR)   Coul. recip. Position Rest.
    2.43243e+03    1.78705e+04   -1.40316e+05    3.98224e+02    4.06138e+01
      Potential    Kinetic En.   Total Energy  Conserved En.    Temperature
   -1.18567e+05    2.22672e+04   -9.63002e+04   -9.56824e+04    2.98332e+02
 Pressure (bar)   Constr. rmsd
    8.66676e+01    1.52589e-06

           Step           Time
         105000      210.00000

   Energies (kJ/mol)
           Bond          Angle    Proper Dih.  Improper Dih.          LJ-14
    1.62622e+02    3.29722e+02    3.68615e+02    2.04504e+01    1.59792e+02
     Coulomb-14        LJ (SR)   Coulomb (SR)   Coul. recip. Position Rest.
    2.41972e+03    1.73824e+04   -1.39373e+05    3.71840e+02    4.33912e+01
      Potential    Kinetic En.   Total Energy  Conserved En.    Temperature
   -1.18115e+05    2.20668e+04   -9.60479e+04   -9.56791e+04    2.95648e+02
 Pressure (bar)   Constr. rmsd
   -1.14136e+02    2.43983e-06

           Step           Time
         105500      211.00000

   Energies (kJ/mol)
           Bond          Angle    Proper Dih.  Improper Dih.          LJ-14
    1.43043e+02    3.01229e+02    3.72947e+02    1.47608e+01    1.85449e+02
     Coulomb-14        LJ (SR)   Coulomb (SR)   Coul. recip. Position Rest.
    2.46834e+03    1.81817e+04   -1.40318e+05    4.30890e+02    5.21555e+01
      Potential    Kinetic En.   Total Energy  Conserved En.    Temperature
   -1.18167e+05    2.20499e+04   -9.61172e+04   -9.56768e+04    2.95421e+02
 Pressure (bar)   Constr. rmsd
    1.68203e+02    2.12993e-06


DD  step 105999 load imb.: force  3.0%
           Step           Time
         106000      212.00000

   Energies (kJ/mol)
           Bond          Angle    Proper Dih.  Improper Dih.          LJ-14
    1.59862e+02    2.73721e+02    3.59919e+02    1.20607e+01    1.70102e+02
     Coulomb-14        LJ (SR)   Coulomb (SR)   Coul. recip. Position Rest.
    2.41211e+03    1.78195e+04   -1.40142e+05    4.21775e+02    3.18372e+01
      Potential    Kinetic En.   Total Energy  Conserved En.    Temperature
   -1.18481e+05    2.22063e+04   -9.62745e+04   -9.56769e+04    2.97516e+02
 Pressure (bar)   Constr. rmsd
   -2.33906e+02    2.88725e-06

           Step           Time
         106500      213.00000

   Energies (kJ/mol)
           Bond          Angle    Proper Dih.  Improper Dih.          LJ-14
    1.33902e+02    2.74935e+02    3.57360e+02    1.85143e+01    1.83125e+02
     Coulomb-14        LJ (SR)   Coulomb (SR)   Coul. recip. Position Rest.
    2.44597e+03    1.75710e+04   -1.40018e+05    4.36642e+02    5.08255e+01
      Potential    Kinetic En.   Total Energy  Conserved En.    Temperature
   -1.18545e+05    2.24899e+04   -9.60555e+04   -9.56794e+04    3.01316e+02
 Pressure (bar)   Constr. rmsd
   -2.50897e+02    2.15594e-06

           Step           Time
         107000      214.00000

   Energies (kJ/mol)
           Bond          Angle    Proper Dih.  Improper Dih.          LJ-14
    1.08195e+02    2.67246e+02    3.98294e+02    2.92207e+01    1.98243e+02
     Coulomb-14        LJ (SR)   Coulomb (SR)   Coul. recip. Position Rest.
    2.47812e+03    1.77378e+04   -1.40415e+05    4.00698e+02    5.23173e+01
      Potential    Kinetic En.   Total Energy  Conserved En.    Temperature
   -1.18744e+05    2.24511e+04   -9.62933e+04   -9.56800e+04    3.00796e+02
 Pressure (bar)   Constr. rmsd
   -6.64844e+01    2.49912e-06

           Step           Time
         107500      215.00000

   Energies (kJ/mol)
           Bond          Angle    Proper Dih.  Improper Dih.          LJ-14
    1.62236e+02    2.84023e+02    4.13628e+02    1.74975e+01    1.61984e+02
     Coulomb-14        LJ (SR)   Coulomb (SR)   Coul. recip. Position Rest.
    2.47697e+03    1.74824e+04   -1.39819e+05    3.89817e+02    6.61946e+01
      Potential    Kinetic En.   Total Energy  Conserved En.    Temperature
   -1.18364e+05    2.20885e+04   -9.62759e+04   -9.56791e+04    2.95938e+02
 Pressure (bar)   Constr. rmsd
   -3.14208e+02    1.53755e-06


DD  step 107999 load imb.: force  1.2%
           Step           Time
         108000      216.00000

   Energies (kJ/mol)
           Bond          Angle    Proper Dih.  Improper Dih.          LJ-14
    1.44968e+02    3.18516e+02    3.65897e+02    2.68748e+01    1.79750e+02
     Coulomb-14        LJ (SR)   Coulomb (SR)   Coul. recip. Position Rest.
    2.45008e+03    1.75962e+04   -1.39707e+05    3.97471e+02    4.57512e+01
      Potential    Kinetic En.   Total Energy  Conserved En.    Temperature
   -1.18181e+05    2.18411e+04   -9.63399e+04   -9.56721e+04    2.92624e+02
 Pressure (bar)   Constr. rmsd
   -2.46014e+02    2.71723e-06

           Step           Time
         108500      217.00000

   Energies (kJ/mol)
           Bond          Angle    Proper Dih.  Improper Dih.          LJ-14
    1.29992e+02    2.95471e+02    3.66265e+02    1.41449e+01    1.69346e+02
     Coulomb-14        LJ (SR)   Coulomb (SR)   Coul. recip. Position Rest.
    2.41703e+03    1.79235e+04   -1.40347e+05    3.86593e+02    5.42321e+01
      Potential    Kinetic En.   Total Energy  Conserved En.    Temperature
   -1.18590e+05    2.19806e+04   -9.66095e+04   -9.56705e+04    2.94493e+02
 Pressure (bar)   Constr. rmsd
   -7.05185e+01    2.17123e-06

           Step           Time
         109000      218.00000

   Energies (kJ/mol)
           Bond          Angle    Proper Dih.  Improper Dih.          LJ-14
    1.49374e+02    2.94350e+02    3.78729e+02    1.73533e+01    1.60732e+02
     Coulomb-14        LJ (SR)   Coulomb (SR)   Coul. recip. Position Rest.
    2.40350e+03    1.80604e+04   -1.40653e+05    4.06601e+02    4.95511e+01
      Potential    Kinetic En.   Total Energy  Conserved En.    Temperature
   -1.18732e+05    2.22112e+04   -9.65208e+04   -9.56731e+04    2.97583e+02
 Pressure (bar)   Constr. rmsd
   -2.93762e+02    2.47854e-06

           Step           Time
         109500      219.00000

   Energies (kJ/mol)
           Bond          Angle    Proper Dih.  Improper Dih.          LJ-14
    1.08944e+02    3.45539e+02    3.65623e+02    2.78853e+01    1.94190e+02
     Coulomb-14        LJ (SR)   Coulomb (SR)   Coul. recip. Position Rest.
    2.42176e+03    1.81376e+04   -1.40231e+05    4.18224e+02    4.32690e+01
      Potential    Kinetic En.   Total Energy  Conserved En.    Temperature
   -1.18168e+05    2.23436e+04   -9.58245e+04   -9.56612e+04    2.99356e+02
 Pressure (bar)   Constr. rmsd
    4.00489e+02    2.52954e-06


DD  step 109999 load imb.: force  2.2%
           Step           Time
         110000      220.00000

   Energies (kJ/mol)
           Bond          Angle    Proper Dih.  Improper Dih.          LJ-14
    9.80159e+01    2.87853e+02    3.62289e+02    1.51500e+01    1.81862e+02
     Coulomb-14        LJ (SR)   Coulomb (SR)   Coul. recip. Position Rest.
    2.42687e+03    1.77312e+04   -1.39820e+05    4.20225e+02    4.20769e+01
      Potential    Kinetic En.   Total Energy  Conserved En.    Temperature
   -1.18255e+05    2.22689e+04   -9.59860e+04   -9.56711e+04    2.98355e+02
 Pressure (bar)   Constr. rmsd
   -1.61824e+01    2.06015e-06

           Step           Time
         110500      221.00000

   Energies (kJ/mol)
           Bond          Angle    Proper Dih.  Improper Dih.          LJ-14
    1.53661e+02    3.05748e+02    3.79117e+02    1.60372e+01    1.54431e+02
     Coulomb-14        LJ (SR)   Coulomb (SR)   Coul. recip. Position Rest.
    2.38103e+03    1.78060e+04   -1.39814e+05    4.03207e+02    6.95848e+01
      Potential    Kinetic En.   Total Energy  Conserved En.    Temperature
   -1.18145e+05    2.25164e+04   -9.56288e+04   -9.56661e+04    3.01670e+02
 Pressure (bar)   Constr. rmsd
   -2.14463e+02    2.60830e-06

           Step           Time
         111000      222.00000

   Energies (kJ/mol)
           Bond          Angle    Proper Dih.  Improper Dih.          LJ-14
    1.25464e+02    3.00181e+02    3.63888e+02    2.50915e+01    1.77022e+02
     Coulomb-14        LJ (SR)   Coulomb (SR)   Coul. recip. Position Rest.
    2.39215e+03    1.69578e+04   -1.38904e+05    4.09444e+02    5.06415e+01
      Potential    Kinetic En.   Total Energy  Conserved En.    Temperature
   -1.18102e+05    2.26073e+04   -9.54946e+04   -9.56650e+04    3.02889e+02
 Pressure (bar)   Constr. rmsd
   -5.23016e+02    2.47096e-06

           Step           Time
         111500      223.00000

   Energies (kJ/mol)
           Bond          Angle    Proper Dih.  Improper Dih.          LJ-14
    1.24343e+02    2.88871e+02    3.90544e+02    1.28482e+01    1.67246e+02
     Coulomb-14        LJ (SR)   Coulomb (SR)   Coul. recip. Position Rest.
    2.41816e+03    1.78773e+04   -1.39818e+05    4.06639e+02    5.17046e+01
      Potential    Kinetic En.   Total Energy  Conserved En.    Temperature
   -1.18081e+05    2.23349e+04   -9.57458e+04   -9.56572e+04    2.99239e+02
 Pressure (bar)   Constr. rmsd
   -8.10257e+00    1.85621e-06


DD  step 111999 load imb.: force  0.9%
           Step           Time
         112000      224.00000

   Energies (kJ/mol)
           Bond          Angle    Proper Dih.  Improper Dih.          LJ-14
    1.44126e+02    3.05242e+02    3.46834e+02    1.55542e+01    2.02640e+02
     Coulomb-14        LJ (SR)   Coulomb (SR)   Coul. recip. Position Rest.
    2.47455e+03    1.78105e+04   -1.39729e+05    3.72379e+02    4.91769e+01
      Potential    Kinetic En.   Total Energy  Conserved En.    Temperature
   -1.18008e+05    2.23893e+04   -9.56190e+04   -9.56570e+04    2.99968e+02
 Pressure (bar)   Constr. rmsd
    2.50626e+02    2.39399e-06

           Step           Time
         112500      225.00000

   Energies (kJ/mol)
           Bond          Angle    Proper Dih.  Improper Dih.          LJ-14
    1.26731e+02    3.14178e+02    3.73326e+02    1.70914e+01    1.89501e+02
     Coulomb-14        LJ (SR)   Coulomb (SR)   Coul. recip. Position Rest.
    2.41751e+03    1.79041e+04   -1.39684e+05    4.06030e+02    5.34512e+01
      Potential    Kinetic En.   Total Energy  Conserved En.    Temperature
   -1.17883e+05    2.24104e+04   -9.54721e+04   -9.56534e+04    3.00251e+02
 Pressure (bar)   Constr. rmsd
    8.35187e+01    1.86730e-06

           Step           Time
         113000      226.00000

   Energies (kJ/mol)
           Bond          Angle    Proper Dih.  Improper Dih.          LJ-14
    1.08373e+02    3.28406e+02    3.51563e+02    1.23937e+01    1.90593e+02
     Coulomb-14        LJ (SR)   Coulomb (SR)   Coul. recip. Position Rest.
    2.47141e+03    1.75263e+04   -1.39467e+05    3.89514e+02    4.01374e+01
      Potential    Kinetic En.   Total Energy  Conserved En.    Temperature
   -1.18048e+05    2.22350e+04   -9.58130e+04   -9.56582e+04    2.97901e+02
 Pressure (bar)   Constr. rmsd
   -2.91106e+02    2.52586e-06

           Step           Time
         113500      227.00000

   Energies (kJ/mol)
           Bond          Angle    Proper Dih.  Improper Dih.          LJ-14
    1.43337e+02    3.45213e+02    3.56637e+02    1.93246e+01    1.67515e+02
     Coulomb-14        LJ (SR)   Coulomb (SR)   Coul. recip. Position Rest.
    2.40795e+03    1.77680e+04   -1.39605e+05    4.04595e+02    5.68315e+01
      Potential    Kinetic En.   Total Energy  Conserved En.    Temperature
   -1.17936e+05    2.21490e+04   -9.57870e+04   -9.56494e+04    2.96749e+02
 Pressure (bar)   Constr. rmsd
   -1.44722e+02    2.51609e-06


DD  step 113999 load imb.: force  2.0%
           Step           Time
         114000      228.00000

   Energies (kJ/mol)
           Bond          Angle    Proper Dih.  Improper Dih.          LJ-14
    1.48437e+02    3.04121e+02    3.74766e+02    1.36598e+01    1.76324e+02
     Coulomb-14        LJ (SR)   Coulomb (SR)   Coul. recip. Position Rest.
    2.39976e+03    1.82199e+04   -1.40473e+05    4.08381e+02    3.45722e+01
      Potential    Kinetic En.   Total Energy  Conserved En.    Temperature
   -1.18394e+05    2.21944e+04   -9.61992e+04   -9.56498e+04    2.97356e+02
 Pressure (bar)   Constr. rmsd
    1.98220e+02    2.86862e-06

           Step           Time
         114500      229.00000

   Energies (kJ/mol)
           Bond          Angle    Proper Dih.  Improper Dih.          LJ-14
    1.75175e+02    2.53006e+02    3.68020e+02    1.83054e+01    1.79690e+02
     Coulomb-14        LJ (SR)   Coulomb (SR)   Coul. recip. Position Rest.
    2.40582e+03    1.81019e+04   -1.40024e+05    4.27867e+02    5.39033e+01
      Potential    Kinetic En.   Total Energy  Conserved En.    Temperature
   -1.18040e+05    2.21500e+04   -9.58903e+04   -9.56484e+04    2.96762e+02
 Pressure (bar)   Constr. rmsd
   -1.80484e+02    3.23489e-06

           Step           Time
         115000      230.00000

   Energies (kJ/mol)
           Bond          Angle    Proper Dih.  Improper Dih.          LJ-14
    1.16175e+02    3.23580e+02    3.59610e+02    2.93461e+01    1.74656e+02
     Coulomb-14        LJ (SR)   Coulomb (SR)   Coul. recip. Position Rest.
    2.42022e+03    1.78245e+04   -1.39925e+05    4.21035e+02    4.89498e+01
      Potential    Kinetic En.   Total Energy  Conserved En.    Temperature
   -1.18207e+05    2.22441e+04   -9.59629e+04   -9.56410e+04    2.98022e+02
 Pressure (bar)   Constr. rmsd
    4.76408e+01    2.34678e-06

           Step           Time
         115500      231.00000

   Energies (kJ/mol)
           Bond          Angle    Proper Dih.  Improper Dih.          LJ-14
    1.30380e+02    2.78601e+02    3.59887e+02    1.73610e+01    1.87371e+02
     Coulomb-14        LJ (SR)   Coulomb (SR)   Coul. recip. Position Rest.
    2.38804e+03    1.77837e+04   -1.39835e+05    4.19637e+02    4.69807e+01
      Potential    Kinetic En.   Total Energy  Conserved En.    Temperature
   -1.18223e+05    2.22250e+04   -9.59979e+04   -9.56428e+04    2.97767e+02
 Pressure (bar)   Constr. rmsd
    3.23707e+01    1.86109e-06


DD  step 115999 load imb.: force  2.6%
           Step           Time
         116000      232.00000

   Energies (kJ/mol)
           Bond          Angle    Proper Dih.  Improper Dih.          LJ-14
    1.31757e+02    3.27031e+02    3.75418e+02    1.71070e+01    1.75107e+02
     Coulomb-14        LJ (SR)   Coulomb (SR)   Coul. recip. Position Rest.
    2.41363e+03    1.75589e+04   -1.39766e+05    4.13501e+02    3.88142e+01
      Potential    Kinetic En.   Total Energy  Conserved En.    Temperature
   -1.18315e+05    2.24688e+04   -9.58462e+04   -9.56462e+04    3.01033e+02
 Pressure (bar)   Constr. rmsd
   -2.64618e+02    1.61609e-06

           Step           Time
         116500      233.00000

   Energies (kJ/mol)
           Bond          Angle    Proper Dih.  Improper Dih.          LJ-14
    1.64724e+02    2.85976e+02    3.50445e+02    1.22476e+01    1.69114e+02
     Coulomb-14        LJ (SR)   Coulomb (SR)   Coul. recip. Position Rest.
    2.39355e+03    1.81708e+04   -1.40548e+05    3.95359e+02    3.50778e+01
      Potential    Kinetic En.   Total Energy  Conserved En.    Temperature
   -1.18571e+05    2.24544e+04   -9.61161e+04   -9.56404e+04    3.00840e+02
 Pressure (bar)   Constr. rmsd
    1.40908e+02    1.95360e-06

           Step           Time
         117000      234.00000

   Energies (kJ/mol)
           Bond          Angle    Proper Dih.  Improper Dih.          LJ-14
    1.21885e+02    2.86955e+02    3.67643e+02    1.26452e+01    1.69833e+02
     Coulomb-14        LJ (SR)   Coulomb (SR)   Coul. recip. Position Rest.
    2.40771e+03    1.79884e+04   -1.39918e+05    4.05446e+02    4.52274e+01
      Potential    Kinetic En.   Total Energy  Conserved En.    Temperature
   -1.18112e+05    2.23294e+04   -9.57824e+04   -9.56418e+04    2.99166e+02
 Pressure (bar)   Constr. rmsd
    9.44143e+01    1.94084e-06

           Step           Time
         117500      235.00000

   Energies (kJ/mol)
           Bond          Angle    Proper Dih.  Improper Dih.          LJ-14
    1.08690e+02    2.77083e+02    3.76533e+02    1.97975e+01    1.87959e+02
     Coulomb-14        LJ (SR)   Coulomb (SR)   Coul. recip. Position Rest.
    2.40536e+03    1.78188e+04   -1.39786e+05    3.89637e+02    4.90279e+01
      Potential    Kinetic En.   Total Energy  Conserved En.    Temperature
   -1.18153e+05    2.24857e+04   -9.56674e+04   -9.56467e+04    3.01260e+02
 Pressure (bar)   Constr. rmsd
   -7.48473e+01    2.77476e-06


DD  step 117999 load imb.: force  1.1%
           Step           Time
         118000      236.00000

   Energies (kJ/mol)
           Bond          Angle    Proper Dih.  Improper Dih.          LJ-14
    1.51463e+02    2.75797e+02    4.08531e+02    1.57790e+01    1.82007e+02
     Coulomb-14        LJ (SR)   Coulomb (SR)   Coul. recip. Position Rest.
    2.42821e+03    1.78610e+04   -1.40255e+05    3.85619e+02    5.93757e+01
      Potential    Kinetic En.   Total Energy  Conserved En.    Temperature
   -1.18487e+05    2.29633e+04   -9.55236e+04   -9.56410e+04    3.07658e+02
 Pressure (bar)   Constr. rmsd
   -2.49237e+02    2.38947e-06

           Step           Time
         118500      237.00000

   Energies (kJ/mol)
           Bond          Angle    Proper Dih.  Improper Dih.          LJ-14
    1.58777e+02    2.74994e+02    3.64001e+02    2.56195e+01    1.71201e+02
     Coulomb-14        LJ (SR)   Coulomb (SR)   Coul. recip. Position Rest.
    2.43354e+03    1.77523e+04   -1.39828e+05    3.89049e+02    4.39123e+01
      Potential    Kinetic En.   Total Energy  Conserved En.    Temperature
   -1.18214e+05    2.28038e+04   -9.54105e+04   -9.56371e+04    3.05522e+02
 Pressure (bar)   Constr. rmsd
   -6.59197e+01    1.47227e-06

           Step           Time
         119000      238.00000

   Energies (kJ/mol)
           Bond          Angle    Proper Dih.  Improper Dih.          LJ-14
    1.28048e+02    2.98309e+02    3.71754e+02    1.75426e+01    1.94874e+02
     Coulomb-14        LJ (SR)   Coulomb (SR)   Coul. recip. Position Rest.
    2.45244e+03    1.78702e+04   -1.40080e+05    4.03228e+02    4.58218e+01
      Potential    Kinetic En.   Total Energy  Conserved En.    Temperature
   -1.18298e+05    2.22480e+04   -9.60501e+04   -9.56332e+04    2.98075e+02
 Pressure (bar)   Constr. rmsd
    1.03435e+02    3.60459e-06

           Step           Time
         119500      239.00000

   Energies (kJ/mol)
           Bond          Angle    Proper Dih.  Improper Dih.          LJ-14
    1.74800e+02    3.65558e+02    3.74953e+02    1.34455e+01    1.70700e+02
     Coulomb-14        LJ (SR)   Coulomb (SR)   Coul. recip. Position Rest.
    2.40546e+03    1.73058e+04   -1.39429e+05    4.26667e+02    4.79920e+01
      Potential    Kinetic En.   Total Energy  Conserved En.    Temperature
   -1.18143e+05    2.25143e+04   -9.56291e+04   -9.56324e+04    3.01643e+02
 Pressure (bar)   Constr. rmsd
   -2.97120e+02    2.37821e-06


DD  step 119999 load imb.: force  3.4%
           Step           Time
         120000      240.00000

   Energies (kJ/mol)
           Bond          Angle    Proper Dih.  Improper Dih.          LJ-14
    1.31571e+02    3.39819e+02    4.14106e+02    1.79433e+01    1.84594e+02
     Coulomb-14        LJ (SR)   Coulomb (SR)   Coul. recip. Position Rest.
    2.41860e+03    1.77941e+04   -1.39819e+05    3.75225e+02    5.02509e+01
      Potential    Kinetic En.   Total Energy  Conserved En.    Temperature
   -1.18093e+05    2.22084e+04   -9.58844e+04   -9.56257e+04    2.97545e+02
 Pressure (bar)   Constr. rmsd
    2.16635e+00    2.71436e-06

           Step           Time
         120500      241.00000

   Energies (kJ/mol)
           Bond          Angle    Proper Dih.  Improper Dih.          LJ-14
    1.51106e+02    3.26923e+02    3.87037e+02    2.72747e+01    1.75232e+02
     Coulomb-14        LJ (SR)   Coulomb (SR)   Coul. recip. Position Rest.
    2.40465e+03    1.74191e+04   -1.39421e+05    4.14797e+02    3.52023e+01
      Potential    Kinetic En.   Total Energy  Conserved En.    Temperature
   -1.18079e+05    2.23569e+04   -9.57226e+04   -9.56271e+04    2.99534e+02
 Pressure (bar)   Constr. rmsd
   -3.69805e+02    3.18614e-06

           Step           Time
         121000      242.00000

   Energies (kJ/mol)
           Bond          Angle    Proper Dih.  Improper Dih.          LJ-14
    1.55158e+02    2.73199e+02    3.86241e+02    1.69666e+01    1.85974e+02
     Coulomb-14        LJ (SR)   Coulomb (SR)   Coul. recip. Position Rest.
    2.42547e+03    1.75873e+04   -1.39695e+05    4.19246e+02    4.21929e+01
      Potential    Kinetic En.   Total Energy  Conserved En.    Temperature
   -1.18203e+05    2.20506e+04   -9.61523e+04   -9.56274e+04    2.95431e+02
 Pressure (bar)   Constr. rmsd
   -3.01000e+02    1.87530e-06

           Step           Time
         121500      243.00000

   Energies (kJ/mol)
           Bond          Angle    Proper Dih.  Improper Dih.          LJ-14
    1.33486e+02    2.55201e+02    3.83430e+02    2.01352e+01    1.75221e+02
     Coulomb-14        LJ (SR)   Coulomb (SR)   Coul. recip. Position Rest.
    2.42806e+03    1.82932e+04   -1.40616e+05    4.19543e+02    3.66857e+01
      Potential    Kinetic En.   Total Energy  Conserved En.    Temperature
   -1.18471e+05    2.22611e+04   -9.62095e+04   -9.56294e+04    2.98251e+02
 Pressure (bar)   Constr. rmsd
    2.66990e+02    1.87604e-06


DD  step 121999 load imb.: force  0.8%
           Step           Time
         122000      244.00000

   Energies (kJ/mol)
           Bond          Angle    Proper Dih.  Improper Dih.          LJ-14
    1.52380e+02    2.59973e+02    3.89227e+02    1.72612e+01    1.79591e+02
     Coulomb-14        LJ (SR)   Coulomb (SR)   Coul. recip. Position Rest.
    2.43216e+03    1.77416e+04   -1.39837e+05    3.87053e+02    3.31464e+01
      Potential    Kinetic En.   Total Energy  Conserved En.    Temperature
   -1.18244e+05    2.21397e+04   -9.61047e+04   -9.56230e+04    2.96624e+02
 Pressure (bar)   Constr. rmsd
    7.91404e+01    1.99927e-06

           Step           Time
         122500      245.00000

   Energies (kJ/mol)
           Bond          Angle    Proper Dih.  Improper Dih.          LJ-14
    1.35182e+02    3.42081e+02    3.61984e+02    1.10844e+01    1.71720e+02
     Coulomb-14        LJ (SR)   Coulomb (SR)   Coul. recip. Position Rest.
    2.40208e+03    1.81884e+04   -1.40578e+05    3.77675e+02    3.72387e+01
      Potential    Kinetic En.   Total Energy  Conserved En.    Temperature
   -1.18550e+05    2.22887e+04   -9.62617e+04   -9.56219e+04    2.98620e+02
 Pressure (bar)   Constr. rmsd
    7.20629e+01    1.69599e-06

           Step           Time
         123000      246.00000

   Energies (kJ/mol)
           Bond          Angle    Proper Dih.  Improper Dih.          LJ-14
    1.53458e+02    2.98054e+02    3.90931e+02    2.94600e+01    1.54971e+02
     Coulomb-14        LJ (SR)   Coulomb (SR)   Coul. recip. Position Rest.
    2.42572e+03    1.79885e+04   -1.40418e+05    3.79591e+02    5.76609e+01
      Potential    Kinetic En.   Total Energy  Conserved En.    Temperature
   -1.18540e+05    2.22262e+04   -9.63135e+04   -9.56199e+04    2.97783e+02
 Pressure (bar)   Constr. rmsd
   -1.36008e+02    4.98281e-06

           Step           Time
         123500      247.00000

   Energies (kJ/mol)
           Bond          Angle    Proper Dih.  Improper Dih.          LJ-14
    1.33658e+02    2.80442e+02    3.63826e+02    2.03871e+01    1.77935e+02
     Coulomb-14        LJ (SR)   Coulomb (SR)   Coul. recip. Position Rest.
    2.41350e+03    1.76977e+04   -1.40259e+05    3.93392e+02    4.60377e+01
      Potential    Kinetic En.   Total Energy  Conserved En.    Temperature
   -1.18732e+05    2.20778e+04   -9.66545e+04   -9.56217e+04    2.95794e+02
 Pressure (bar)   Constr. rmsd
   -2.57039e+02    2.06774e-06


DD  step 123999 load imb.: force  1.3%
           Step           Time
         124000      248.00000

   Energies (kJ/mol)
           Bond          Angle    Proper Dih.  Improper Dih.          LJ-14
    1.50824e+02    2.63567e+02    3.80676e+02    1.83007e+01    1.77782e+02
     Coulomb-14        LJ (SR)   Coulomb (SR)   Coul. recip. Position Rest.
    2.45780e+03    1.83191e+04   -1.41439e+05    4.11279e+02    6.00584e+01
      Potential    Kinetic En.   Total Energy  Conserved En.    Temperature
   -1.19199e+05    2.25379e+04   -9.66615e+04   -9.56168e+04    3.01959e+02
 Pressure (bar)   Constr. rmsd
    2.35915e+02    2.54735e-06

           Step           Time
         124500      249.00000

   Energies (kJ/mol)
           Bond          Angle    Proper Dih.  Improper Dih.          LJ-14
    1.43772e+02    3.08683e+02    3.61379e+02    2.54287e+01    1.91276e+02
     Coulomb-14        LJ (SR)   Coulomb (SR)   Coul. recip. Position Rest.
    2.44212e+03    1.83471e+04   -1.41224e+05    3.62762e+02    4.47871e+01
      Potential    Kinetic En.   Total Energy  Conserved En.    Temperature
   -1.18997e+05    2.23169e+04   -9.66796e+04   -9.56153e+04    2.98998e+02
 Pressure (bar)   Constr. rmsd
    3.07530e+02    2.21476e-06

           Step           Time
         125000      250.00000

   Energies (kJ/mol)
           Bond          Angle    Proper Dih.  Improper Dih.          LJ-14
    1.72642e+02    3.11174e+02    3.65477e+02    2.37915e+01    1.69405e+02
     Coulomb-14        LJ (SR)   Coulomb (SR)   Coul. recip. Position Rest.
    2.34683e+03    1.81204e+04   -1.40653e+05    3.79671e+02    4.19918e+01
      Potential    Kinetic En.   Total Energy  Conserved En.    Temperature
   -1.18721e+05    2.22823e+04   -9.64392e+04   -9.56175e+04    2.98534e+02
 Pressure (bar)   Constr. rmsd
   -9.16031e+01    1.90303e-06

           Step           Time
         125500      251.00000

   Energies (kJ/mol)
           Bond          Angle    Proper Dih.  Improper Dih.          LJ-14
    1.55348e+02    2.95262e+02    3.59669e+02    1.49771e+01    1.68850e+02
     Coulomb-14        LJ (SR)   Coulomb (SR)   Coul. recip. Position Rest.
    2.41555e+03    1.75479e+04   -1.39660e+05    4.35352e+02    3.49773e+01
      Potential    Kinetic En.   Total Energy  Conserved En.    Temperature
   -1.18232e+05    2.21952e+04   -9.60372e+04   -9.56153e+04    2.97367e+02
 Pressure (bar)   Constr. rmsd
   -4.00647e+02    1.63691e-06


DD  step 125999 load imb.: force  1.4%
           Step           Time
         126000      252.00000

   Energies (kJ/mol)
           Bond          Angle    Proper Dih.  Improper Dih.          LJ-14
    1.37519e+02    3.35123e+02    3.65805e+02    1.51948e+01    1.75550e+02
     Coulomb-14        LJ (SR)   Coulomb (SR)   Coul. recip. Position Rest.
    2.42704e+03    1.83456e+04   -1.40197e+05    4.34416e+02    4.52247e+01
      Potential    Kinetic En.   Total Energy  Conserved En.    Temperature
   -1.17915e+05    2.24258e+04   -9.54896e+04   -9.56099e+04    3.00457e+02
 Pressure (bar)   Constr. rmsd
    2.06734e+02    3.10659e-06

           Step           Time
         126500      253.00000

   Energies (kJ/mol)
           Bond          Angle    Proper Dih.  Improper Dih.          LJ-14
    1.42287e+02    2.66508e+02    3.69235e+02    2.17584e+01    1.70553e+02
     Coulomb-14        LJ (SR)   Coulomb (SR)   Coul. recip. Position Rest.
    2.41955e+03    1.76999e+04   -1.39858e+05    4.02637e+02    3.24696e+01
      Potential    Kinetic En.   Total Energy  Conserved En.    Temperature
   -1.18333e+05    2.26879e+04   -9.56456e+04   -9.56144e+04    3.03969e+02
 Pressure (bar)   Constr. rmsd
   -2.39501e+01    1.91972e-06

           Step           Time
         127000      254.00000

   Energies (kJ/mol)
           Bond          Angle    Proper Dih.  Improper Dih.          LJ-14
    1.67977e+02    2.51905e+02    3.53697e+02    1.44828e+01    1.86705e+02
     Coulomb-14        LJ (SR)   Coulomb (SR)   Coul. recip. Position Rest.
    2.43251e+03    1.79834e+04   -1.39720e+05    4.17708e+02    5.12107e+01
      Potential    Kinetic En.   Total Energy  Conserved En.    Temperature
   -1.17861e+05    2.20901e+04   -9.57706e+04   -9.56033e+04    2.95959e+02
 Pressure (bar)   Constr. rmsd
    1.78988e+02    1.92779e-06

           Step           Time
         127500      255.00000

   Energies (kJ/mol)
           Bond          Angle    Proper Dih.  Improper Dih.          LJ-14
    1.09081e+02    2.86826e+02    3.73400e+02    1.55765e+01    1.88455e+02
     Coulomb-14        LJ (SR)   Coulomb (SR)   Coul. recip. Position Rest.
    2.40860e+03    1.78927e+04   -1.40059e+05    3.99006e+02    5.36224e+01
      Potential    Kinetic En.   Total Energy  Conserved En.    Temperature
   -1.18332e+05    2.28560e+04   -9.54759e+04   -9.56163e+04    3.06221e+02
 Pressure (bar)   Constr. rmsd
    1.10275e+02    3.27837e-06


DD  step 127999 load imb.: force  1.8%
           Step           Time
         128000      256.00000

   Energies (kJ/mol)
           Bond          Angle    Proper Dih.  Improper Dih.          LJ-14
    1.25770e+02    2.95305e+02    3.69492e+02    2.93708e+01    1.75126e+02
     Coulomb-14        LJ (SR)   Coulomb (SR)   Coul. recip. Position Rest.
    2.40270e+03    1.76706e+04   -1.39373e+05    3.97713e+02    4.90269e+01
      Potential    Kinetic En.   Total Energy  Conserved En.    Temperature
   -1.17858e+05    2.27679e+04   -9.50899e+04   -9.56079e+04    3.05040e+02
 Pressure (bar)   Constr. rmsd
   -3.46693e+01    1.90042e-06

           Step           Time
         128500      257.00000

   Energies (kJ/mol)
           Bond          Angle    Proper Dih.  Improper Dih.          LJ-14
    1.23532e+02    2.62567e+02    3.70731e+02    1.74003e+01    1.86097e+02
     Coulomb-14        LJ (SR)   Coulomb (SR)   Coul. recip. Position Rest.
    2.47125e+03    1.82447e+04   -1.40039e+05    4.16881e+02    6.94577e+01
      Potential    Kinetic En.   Total Energy  Conserved En.    Temperature
   -1.17877e+05    2.23464e+04   -9.55304e+04   -9.56057e+04    2.99393e+02
 Pressure (bar)   Constr. rmsd
    9.61593e+01    1.39968e-06

           Step           Time
         129000      258.00000

   Energies (kJ/mol)
           Bond          Angle    Proper Dih.  Improper Dih.          LJ-14
    1.24637e+02    2.68159e+02    3.83663e+02    1.66877e+01    1.95814e+02
     Coulomb-14        LJ (SR)   Coulomb (SR)   Coul. recip. Position Rest.
    2.43038e+03    1.74913e+04   -1.38998e+05    4.09668e+02    4.75132e+01
      Potential    Kinetic En.   Total Energy  Conserved En.    Temperature
   -1.17630e+05    2.20536e+04   -9.55767e+04   -9.56038e+04    2.95471e+02
 Pressure (bar)   Constr. rmsd
   -1.86239e+02    1.86033e-06

           Step           Time
         129500      259.00000

   Energies (kJ/mol)
           Bond          Angle    Proper Dih.  Improper Dih.          LJ-14
    1.69045e+02    2.86354e+02    3.71464e+02    1.58233e+01    1.58890e+02
     Coulomb-14        LJ (SR)   Coulomb (SR)   Coul. recip. Position Rest.
    2.38988e+03    1.78676e+04   -1.39733e+05    4.00195e+02    4.26703e+01
      Potential    Kinetic En.   Total Energy  Conserved En.    Temperature
   -1.18031e+05    2.24961e+04   -9.55352e+04   -9.55975e+04    3.01400e+02
 Pressure (bar)   Constr. rmsd
   -7.76576e+01    1.71382e-06


DD  step 129999 load imb.: force  1.6%
           Step           Time
         130000      260.00000

   Energies (kJ/mol)
           Bond          Angle    Proper Dih.  Improper Dih.          LJ-14
    1.18374e+02    2.59376e+02    3.76789e+02    2.83695e+01    1.72182e+02
     Coulomb-14        LJ (SR)   Coulomb (SR)   Coul. recip. Position Rest.
    2.44369e+03    1.79876e+04   -1.40079e+05    4.13413e+02    3.50921e+01
      Potential    Kinetic En.   Total Energy  Conserved En.    Temperature
   -1.18244e+05    2.24670e+04   -9.57768e+04   -9.55918e+04    3.01009e+02
 Pressure (bar)   Constr. rmsd
    7.68629e+01    1.67455e-06

           Step           Time
         130500      261.00000

   Energies (kJ/mol)
           Bond          Angle    Proper Dih.  Improper Dih.          LJ-14
    1.48164e+02    2.57431e+02    3.78148e+02    1.88846e+01    1.74611e+02
     Coulomb-14        LJ (SR)   Coulomb (SR)   Coul. recip. Position Rest.
    2.37917e+03    1.76377e+04   -1.39803e+05    3.94988e+02    6.38856e+01
      Potential    Kinetic En.   Total Energy  Conserved En.    Temperature
   -1.18350e+05    2.27522e+04   -9.55982e+04   -9.56004e+04    3.04830e+02
 Pressure (bar)   Constr. rmsd
   -9.74920e+01    2.19218e-06

           Step           Time
         131000      262.00000

   Energies (kJ/mol)
           Bond          Angle    Proper Dih.  Improper Dih.          LJ-14
    1.44382e+02    2.85778e+02    3.88143e+02    1.71026e+01    1.87676e+02
     Coulomb-14        LJ (SR)   Coulomb (SR)   Coul. recip. Position Rest.
    2.39575e+03    1.74161e+04   -1.39203e+05    4.32475e+02    5.63103e+01
      Potential    Kinetic En.   Total Energy  Conserved En.    Temperature
   -1.17879e+05    2.22817e+04   -9.55973e+04   -9.55959e+04    2.98527e+02
 Pressure (bar)   Constr. rmsd
   -3.16971e+02    2.11897e-06

           Step           Time
         131500      263.00000

   Energies (kJ/mol)
           Bond          Angle    Proper Dih.  Improper Dih.          LJ-14
    9.90280e+01    2.67569e+02    3.77699e+02    1.86340e+01    1.77867e+02
     Coulomb-14        LJ (SR)   Coulomb (SR)   Coul. recip. Position Rest.
    2.46447e+03    1.75411e+04   -1.39295e+05    4.24301e+02    5.69943e+01
      Potential    Kinetic En.   Total Energy  Conserved En.    Temperature
   -1.17868e+05    2.24130e+04   -9.54547e+04   -9.55947e+04    3.00286e+02
 Pressure (bar)   Constr. rmsd
   -2.07343e+01    2.25923e-06


DD  step 131999 load imb.: force  2.5%
           Step           Time
         132000      264.00000

   Energies (kJ/mol)
           Bond          Angle    Proper Dih.  Improper Dih.          LJ-14
    1.27149e+02    3.08817e+02    3.82836e+02    1.60547e+01    1.92357e+02
     Coulomb-14        LJ (SR)   Coulomb (SR)   Coul. recip. Position Rest.
    2.44142e+03    1.76182e+04   -1.40065e+05    4.46766e+02    3.72863e+01
      Potential    Kinetic En.   Total Energy  Conserved En.    Temperature
   -1.18494e+05    2.26325e+04   -9.58613e+04   -9.55959e+04    3.03226e+02
 Pressure (bar)   Constr. rmsd
   -4.69757e+01    2.57178e-06

           Step           Time
         132500      265.00000

   Energies (kJ/mol)
           Bond          Angle    Proper Dih.  Improper Dih.          LJ-14
    1.03062e+02    2.98812e+02    4.01085e+02    2.67878e+01    1.80327e+02
     Coulomb-14        LJ (SR)   Coulomb (SR)   Coul. recip. Position Rest.
    2.39954e+03    1.80394e+04   -1.40071e+05    4.38807e+02    6.21933e+01
      Potential    Kinetic En.   Total Energy  Conserved En.    Temperature
   -1.18121e+05    2.26414e+04   -9.54798e+04   -9.55913e+04    3.03346e+02
 Pressure (bar)   Constr. rmsd
   -4.29660e+00    1.35156e-06

           Step           Time
         133000      266.00000

   Energies (kJ/mol)
           Bond          Angle    Proper Dih.  Improper Dih.          LJ-14
    1.19163e+02    3.08797e+02    3.86875e+02    1.60895e+01    1.73572e+02
     Coulomb-14        LJ (SR)   Coulomb (SR)   Coul. recip. Position Rest.
    2.37864e+03    1.77475e+04   -1.39338e+05    4.31936e+02    6.30801e+01
      Potential    Kinetic En.   Total Energy  Conserved En.    Temperature
   -1.17712e+05    2.24328e+04   -9.52793e+04   -9.55890e+04    3.00551e+02
 Pressure (bar)   Constr. rmsd
    1.25489e+02    2.41880e-06

           Step           Time
         133500      267.00000

   Energies (kJ/mol)
           Bond          Angle    Proper Dih.  Improper Dih.          LJ-14
    1.61252e+02    2.56500e+02    3.70533e+02    1.89027e+01    1.73157e+02
     Coulomb-14        LJ (SR)   Coulomb (SR)   Coul. recip. Position Rest.
    2.44777e+03    1.81794e+04   -1.40043e+05    4.01898e+02    3.90323e+01
      Potential    Kinetic En.   Total Energy  Conserved En.    Temperature
   -1.17995e+05    2.23681e+04   -9.56265e+04   -9.55865e+04    2.99683e+02
 Pressure (bar)   Constr. rmsd
    6.61050e+00    2.20846e-06


DD  step 133999 load imb.: force  1.5%
           Step           Time
         134000      268.00000

   Energies (kJ/mol)
           Bond          Angle    Proper Dih.  Improper Dih.          LJ-14
    1.09207e+02    3.00763e+02    3.67919e+02    1.64524e+01    1.86700e+02
     Coulomb-14        LJ (SR)   Coulomb (SR)   Coul. recip. Position Rest.
    2.46391e+03    1.80488e+04   -1.40097e+05    4.00299e+02    4.50062e+01
      Potential    Kinetic En.   Total Energy  Conserved En.    Temperature
   -1.18158e+05    2.22137e+04   -9.59447e+04   -9.55889e+04    2.97616e+02
 Pressure (bar)   Constr. rmsd
   -1.39543e+01    1.64923e-06

           Step           Time
         134500      269.00000

   Energies (kJ/mol)
           Bond          Angle    Proper Dih.  Improper Dih.          LJ-14
    1.46110e+02    2.88947e+02    3.95596e+02    2.00341e+01    1.57664e+02
     Coulomb-14        LJ (SR)   Coulomb (SR)   Coul. recip. Position Rest.
    2.40128e+03    1.78413e+04   -1.40144e+05    3.85557e+02    4.37832e+01
      Potential    Kinetic En.   Total Energy  Conserved En.    Temperature
   -1.18464e+05    2.26797e+04   -9.57838e+04   -9.55859e+04    3.03859e+02
 Pressure (bar)   Constr. rmsd
   -1.71604e+02    2.33705e-06

           Step           Time
         135000      270.00000

   Energies (kJ/mol)
           Bond          Angle    Proper Dih.  Improper Dih.          LJ-14
    1.36397e+02    3.12580e+02    3.82471e+02    2.21878e+01    1.84893e+02
     Coulomb-14        LJ (SR)   Coulomb (SR)   Coul. recip. Position Rest.
    2.38858e+03    1.74895e+04   -1.39905e+05    3.91859e+02    4.54118e+01
      Potential    Kinetic En.   Total Energy  Conserved En.    Temperature
   -1.18551e+05    2.26715e+04   -9.58799e+04   -9.55834e+04    3.03750e+02
 Pressure (bar)   Constr. rmsd
   -1.72709e+02    2.34512e-06

           Step           Time
         135500      271.00000

   Energies (kJ/mol)
           Bond          Angle    Proper Dih.  Improper Dih.          LJ-14
    1.38836e+02    2.61920e+02    3.67039e+02    1.94418e+01    1.83952e+02
     Coulomb-14        LJ (SR)   Coulomb (SR)   Coul. recip. Position Rest.
    2.43659e+03    1.74925e+04   -1.39912e+05    4.05606e+02    4.13162e+01
      Potential    Kinetic En.   Total Energy  Conserved En.    Temperature
   -1.18564e+05    2.21603e+04   -9.64041e+04   -9.55934e+04    2.96901e+02
 Pressure (bar)   Constr. rmsd
   -1.77979e+02    1.93456e-06


DD  step 135999 load imb.: force  1.9%
           Step           Time
         136000      272.00000

   Energies (kJ/mol)
           Bond          Angle    Proper Dih.  Improper Dih.          LJ-14
    1.13019e+02    2.75537e+02    3.75758e+02    1.90070e+01    1.99518e+02
     Coulomb-14        LJ (SR)   Coulomb (SR)   Coul. recip. Position Rest.
    2.43749e+03    1.78659e+04   -1.40258e+05    4.19425e+02    4.63494e+01
      Potential    Kinetic En.   Total Energy  Conserved En.    Temperature
   -1.18506e+05    2.23307e+04   -9.61751e+04   -9.55813e+04    2.99183e+02
 Pressure (bar)   Constr. rmsd
    8.37875e+01    1.25995e-06

           Step           Time
         136500      273.00000

   Energies (kJ/mol)
           Bond          Angle    Proper Dih.  Improper Dih.          LJ-14
    1.34258e+02    2.95328e+02    3.64178e+02    2.48073e+01    1.77559e+02
     Coulomb-14        LJ (SR)   Coulomb (SR)   Coul. recip. Position Rest.
    2.42090e+03    1.76428e+04   -1.39914e+05    4.01658e+02    4.54723e+01
      Potential    Kinetic En.   Total Energy  Conserved En.    Temperature
   -1.18407e+05    2.21570e+04   -9.62504e+04   -9.55818e+04    2.96855e+02
 Pressure (bar)   Constr. rmsd
   -1.43876e+02    1.70016e-06

           Step           Time
         137000      274.00000

   Energies (kJ/mol)
           Bond          Angle    Proper Dih.  Improper Dih.          LJ-14
    1.29317e+02    2.44366e+02    3.66521e+02    1.81982e+01    1.94657e+02
     Coulomb-14        LJ (SR)   Coulomb (SR)   Coul. recip. Position Rest.
    2.45368e+03    1.82139e+04   -1.40930e+05    4.40531e+02    4.73663e+01
      Potential    Kinetic En.   Total Energy  Conserved En.    Temperature
   -1.18822e+05    2.25309e+04   -9.62909e+04   -9.55799e+04    3.01865e+02
 Pressure (bar)   Constr. rmsd
    1.85192e+02    1.14805e-06

           Step           Time
         137500      275.00000

   Energies (kJ/mol)
           Bond          Angle    Proper Dih.  Improper Dih.          LJ-14
    1.78057e+02    2.97163e+02    3.85510e+02    2.42576e+01    1.52031e+02
     Coulomb-14        LJ (SR)   Coulomb (SR)   Coul. recip. Position Rest.
    2.44561e+03    1.80712e+04   -1.40486e+05    4.01266e+02    5.32559e+01
      Potential    Kinetic En.   Total Energy  Conserved En.    Temperature
   -1.18477e+05    2.24104e+04   -9.60668e+04   -9.55727e+04    3.00251e+02
 Pressure (bar)   Constr. rmsd
   -1.16220e+02    1.86119e-06


DD  step 137999 load imb.: force  3.5%
           Step           Time
         138000      276.00000

   Energies (kJ/mol)
           Bond          Angle    Proper Dih.  Improper Dih.          LJ-14
    1.24011e+02    3.08085e+02    3.99033e+02    2.31977e+01    1.67803e+02
     Coulomb-14        LJ (SR)   Coulomb (SR)   Coul. recip. Position Rest.
    2.41851e+03    1.75646e+04   -1.40153e+05    4.00722e+02    4.63637e+01
      Potential    Kinetic En.   Total Energy  Conserved En.    Temperature
   -1.18701e+05    2.26109e+04   -9.60900e+04   -9.55830e+04    3.02937e+02
 Pressure (bar)   Constr. rmsd
   -2.14981e+02    3.56980e-06

           Step           Time
         138500      277.00000

   Energies (kJ/mol)
           Bond          Angle    Proper Dih.  Improper Dih.          LJ-14
    1.40700e+02    2.93838e+02    4.06922e+02    1.84885e+01    1.86835e+02
     Coulomb-14        LJ (SR)   Coulomb (SR)   Coul. recip. Position Rest.
    2.42473e+03    1.77117e+04   -1.39997e+05    3.82426e+02    4.82729e+01
      Potential    Kinetic En.   Total Energy  Conserved En.    Temperature
   -1.18383e+05    2.24396e+04   -9.59439e+04   -9.55769e+04    3.00642e+02
 Pressure (bar)   Constr. rmsd
   -2.07657e+02    1.45093e-06

           Step           Time
         139000      278.00000

   Energies (kJ/mol)
           Bond          Angle    Proper Dih.  Improper Dih.          LJ-14
    1.59677e+02    2.85038e+02    3.65354e+02    1.00152e+01    1.64685e+02
     Coulomb-14        LJ (SR)   Coulomb (SR)   Coul. recip. Position Rest.
    2.37771e+03    1.81984e+04   -1.40137e+05    4.65552e+02    3.43577e+01
      Potential    Kinetic En.   Total Energy  Conserved En.    Temperature
   -1.18076e+05    2.20317e+04   -9.60444e+04   -9.55771e+04    2.95177e+02
 Pressure (bar)   Constr. rmsd
    3.15757e+01    1.98966e-06

           Step           Time
         139500      279.00000

   Energies (kJ/mol)
           Bond          Angle    Proper Dih.  Improper Dih.          LJ-14
    1.33076e+02    2.82132e+02    3.94216e+02    1.30340e+01    1.75871e+02
     Coulomb-14        LJ (SR)   Coulomb (SR)   Coul. recip. Position Rest.
    2.43447e+03    1.81373e+04   -1.40274e+05    4.21259e+02    5.17439e+01
      Potential    Kinetic En.   Total Energy  Conserved En.    Temperature
   -1.18231e+05    2.22119e+04   -9.60193e+04   -9.55732e+04    2.97591e+02
 Pressure (bar)   Constr. rmsd
    2.49704e+02    3.39528e-06


DD  step 139999 load imb.: force  1.1%
           Step           Time
         140000      280.00000

   Energies (kJ/mol)
           Bond          Angle    Proper Dih.  Improper Dih.          LJ-14
    1.48884e+02    3.12780e+02    3.71504e+02    2.24646e+01    1.66594e+02
     Coulomb-14        LJ (SR)   Coulomb (SR)   Coul. recip. Position Rest.
    2.42167e+03    1.84816e+04   -1.40743e+05    3.98483e+02    4.81199e+01
      Potential    Kinetic En.   Total Energy  Conserved En.    Temperature
   -1.18371e+05    2.22058e+04   -9.61653e+04   -9.55722e+04    2.97510e+02
 Pressure (bar)   Constr. rmsd
    3.59870e+02    2.51063e-06

           Step           Time
         140500      281.00000

   Energies (kJ/mol)
           Bond          Angle    Proper Dih.  Improper Dih.          LJ-14
    1.12327e+02    3.18570e+02    3.82372e+02    1.53217e+01    1.90301e+02
     Coulomb-14        LJ (SR)   Coulomb (SR)   Coul. recip. Position Rest.
    2.44401e+03    1.73422e+04   -1.39984e+05    4.06705e+02    4.06378e+01
      Potential    Kinetic En.   Total Energy  Conserved En.    Temperature
   -1.18731e+05    2.23240e+04   -9.64075e+04   -9.55720e+04    2.99093e+02
 Pressure (bar)   Constr. rmsd
   -1.66423e+02    2.16585e-06

           Step           Time
         141000      282.00000

   Energies (kJ/mol)
           Bond          Angle    Proper Dih.  Improper Dih.          LJ-14
    1.09166e+02    3.31487e+02    3.98118e+02    2.21158e+01    1.67297e+02
     Coulomb-14        LJ (SR)   Coulomb (SR)   Coul. recip. Position Rest.
    2.42971e+03    1.82001e+04   -1.40475e+05    4.02666e+02    3.53741e+01
      Potential    Kinetic En.   Total Energy  Conserved En.    Temperature
   -1.18379e+05    2.20396e+04   -9.63390e+04   -9.55644e+04    2.95282e+02
 Pressure (bar)   Constr. rmsd
    2.09460e+02    1.75218e-06

           Step           Time
         141500      283.00000

   Energies (kJ/mol)
           Bond          Angle    Proper Dih.  Improper Dih.          LJ-14
    1.51999e+02    3.05860e+02    3.47866e+02    1.91135e+01    1.74206e+02
     Coulomb-14        LJ (SR)   Coulomb (SR)   Coul. recip. Position Rest.
    2.39446e+03    1.77038e+04   -1.39718e+05    4.15251e+02    3.97375e+01
      Potential    Kinetic En.   Total Energy  Conserved En.    Temperature
   -1.18166e+05    2.18059e+04   -9.63598e+04   -9.55611e+04    2.92152e+02
 Pressure (bar)   Constr. rmsd
    6.06147e+01    2.31772e-06


DD  step 141999 load imb.: force  1.7%
           Step           Time
         142000      284.00000

   Energies (kJ/mol)
           Bond          Angle    Proper Dih.  Improper Dih.          LJ-14
    1.38944e+02    2.96783e+02    3.70945e+02    2.15424e+01    1.68781e+02
     Coulomb-14        LJ (SR)   Coulomb (SR)   Coul. recip. Position Rest.
    2.43946e+03    1.82269e+04   -1.40863e+05    3.67431e+02    4.73771e+01
      Potential    Kinetic En.   Total Energy  Conserved En.    Temperature
   -1.18785e+05    2.20739e+04   -9.67107e+04   -9.55648e+04    2.95743e+02
 Pressure (bar)   Constr. rmsd
    1.21771e+02    2.06533e-06

           Step           Time
         142500      285.00000

   Energies (kJ/mol)
           Bond          Angle    Proper Dih.  Improper Dih.          LJ-14
    1.10438e+02    2.96721e+02    3.63927e+02    1.34607e+01    1.91607e+02
     Coulomb-14        LJ (SR)   Coulomb (SR)   Coul. recip. Position Rest.
    2.44897e+03    1.80928e+04   -1.40632e+05    4.36323e+02    5.21153e+01
      Potential    Kinetic En.   Total Energy  Conserved En.    Temperature
   -1.18626e+05    2.20557e+04   -9.65704e+04   -9.55639e+04    2.95498e+02
 Pressure (bar)   Constr. rmsd
    1.98243e+02    4.08744e-06

           Step           Time
         143000      286.00000

   Energies (kJ/mol)
           Bond          Angle    Proper Dih.  Improper Dih.          LJ-14
    1.24454e+02    3.45688e+02    3.66336e+02    2.10855e+01    1.81382e+02
     Coulomb-14        LJ (SR)   Coulomb (SR)   Coul. recip. Position Rest.
    2.43241e+03    1.85167e+04   -1.40928e+05    3.93424e+02    4.48710e+01
      Potential    Kinetic En.   Total Energy  Conserved En.    Temperature
   -1.18502e+05    2.22376e+04   -9.62642e+04   -9.55568e+04    2.97936e+02
 Pressure (bar)   Constr. rmsd
    1.20543e+02    1.80170e-06

           Step           Time
         143500      287.00000

   Energies (kJ/mol)
           Bond          Angle    Proper Dih.  Improper Dih.          LJ-14
    1.14866e+02    2.90388e+02    3.52538e+02    2.33908e+01    1.83796e+02
     Coulomb-14        LJ (SR)   Coulomb (SR)   Coul. recip. Position Rest.
    2.43817e+03    1.74461e+04   -1.39043e+05    4.32551e+02    4.84897e+01
      Potential    Kinetic En.   Total Energy  Conserved En.    Temperature
   -1.17712e+05    2.20364e+04   -9.56761e+04   -9.55677e+04    2.95239e+02
 Pressure (bar)   Constr. rmsd
   -3.21979e+02    2.35744e-06


DD  step 143999 load imb.: force  2.9%
           Step           Time
         144000      288.00000

   Energies (kJ/mol)
           Bond          Angle    Proper Dih.  Improper Dih.          LJ-14
    1.54126e+02    2.89327e+02    3.81086e+02    1.87713e+01    1.70432e+02
     Coulomb-14        LJ (SR)   Coulomb (SR)   Coul. recip. Position Rest.
    2.44513e+03    1.76802e+04   -1.39229e+05    4.11092e+02    4.72690e+01
      Potential    Kinetic En.   Total Energy  Conserved En.    Temperature
   -1.17631e+05    2.22252e+04   -9.54062e+04   -9.55610e+04    2.97770e+02
 Pressure (bar)   Constr. rmsd
   -1.62877e+02    1.51929e-06

           Step           Time
         144500      289.00000

   Energies (kJ/mol)
           Bond          Angle    Proper Dih.  Improper Dih.          LJ-14
    1.10234e+02    2.96392e+02    3.61600e+02    1.66412e+01    1.83387e+02
     Coulomb-14        LJ (SR)   Coulomb (SR)   Coul. recip. Position Rest.
    2.43294e+03    1.74100e+04   -1.39244e+05    4.19018e+02    4.36160e+01
      Potential    Kinetic En.   Total Energy  Conserved En.    Temperature
   -1.17970e+05    2.26297e+04   -9.53405e+04   -9.55655e+04    3.03189e+02
 Pressure (bar)   Constr. rmsd
   -2.84933e+01    1.38716e-06

           Step           Time
         145000      290.00000

   Energies (kJ/mol)
           Bond          Angle    Proper Dih.  Improper Dih.          LJ-14
    1.30638e+02    3.35872e+02    3.67115e+02    1.46072e+01    1.78301e+02
     Coulomb-14        LJ (SR)   Coulomb (SR)   Coul. recip. Position Rest.
    2.42303e+03    1.77351e+04   -1.39608e+05    4.17511e+02    5.79563e+01
      Potential    Kinetic En.   Total Energy  Conserved En.    Temperature
   -1.17947e+05    2.24489e+04   -9.54985e+04   -9.55511e+04    3.00767e+02
 Pressure (bar)   Constr. rmsd
    1.49767e+02    2.17719e-06

           Step           Time
         145500      291.00000

   Energies (kJ/mol)
           Bond          Angle    Proper Dih.  Improper Dih.          LJ-14
    1.33330e+02    3.04115e+02    3.53723e+02    1.60843e+01    1.69162e+02
     Coulomb-14        LJ (SR)   Coulomb (SR)   Coul. recip. Position Rest.
    2.43006e+03    1.75938e+04   -1.39836e+05    4.06890e+02    3.31541e+01
      Potential    Kinetic En.   Total Energy  Conserved En.    Temperature
   -1.18396e+05    2.24398e+04   -9.59560e+04   -9.55582e+04    3.00644e+02
 Pressure (bar)   Constr. rmsd
   -2.27736e+02    4.67887e-06


DD  step 145999 load imb.: force  2.2%
           Step           Time
         146000      292.00000

   Energies (kJ/mol)
           Bond          Angle    Proper Dih.  Improper Dih.          LJ-14
    1.16141e+02    3.14404e+02    3.58947e+02    3.53495e+01    2.02036e+02
     Coulomb-14        LJ (SR)   Coulomb (SR)   Coul. recip. Position Rest.
    2.38475e+03    1.74793e+04   -1.39457e+05    4.16957e+02    4.76862e+01
      Potential    Kinetic En.   Total Energy  Conserved En.    Temperature
   -1.18102e+05    2.22709e+04   -9.58307e+04   -9.55487e+04    2.98381e+02
 Pressure (bar)   Constr. rmsd
   -2.14323e+02    1.93294e-06

           Step           Time
         146500      293.00000

   Energies (kJ/mol)
           Bond          Angle    Proper Dih.  Improper Dih.          LJ-14
    1.37843e+02    3.12455e+02    3.57853e+02    1.45772e+01    1.76583e+02
     Coulomb-14        LJ (SR)   Coulomb (SR)   Coul. recip. Position Rest.
    2.43250e+03    1.74783e+04   -1.39129e+05    4.32215e+02    3.29717e+01
      Potential    Kinetic En.   Total Energy  Conserved En.    Temperature
   -1.17754e+05    2.21190e+04   -9.56348e+04   -9.55490e+04    2.96346e+02
 Pressure (bar)   Constr. rmsd
   -3.46069e+02    1.68735e-06

           Step           Time
         147000      294.00000

   Energies (kJ/mol)
           Bond          Angle    Proper Dih.  Improper Dih.          LJ-14
    1.01048e+02    3.36037e+02    3.88405e+02    2.00083e+01    1.81990e+02
     Coulomb-14        LJ (SR)   Coulomb (SR)   Coul. recip. Position Rest.
    2.43168e+03    1.79279e+04   -1.39465e+05    3.79499e+02    6.33681e+01
      Potential    Kinetic En.   Total Energy  Conserved En.    Temperature
   -1.17635e+05    2.22121e+04   -9.54233e+04   -9.55466e+04    2.97594e+02
 Pressure (bar)   Constr. rmsd
    2.01477e+02    2.14048e-06

           Step           Time
         147500      295.00000

   Energies (kJ/mol)
           Bond          Angle    Proper Dih.  Improper Dih.          LJ-14
    1.13607e+02    3.18023e+02    3.43533e+02    2.04183e+01    1.79641e+02
     Coulomb-14        LJ (SR)   Coulomb (SR)   Coul. recip. Position Rest.
    2.42524e+03    1.79963e+04   -1.39855e+05    4.04998e+02    6.16015e+01
      Potential    Kinetic En.   Total Energy  Conserved En.    Temperature
   -1.17991e+05    2.24110e+04   -9.55803e+04   -9.55423e+04    3.00259e+02
 Pressure (bar)   Constr. rmsd
    2.62639e+02    2.56202e-06


DD  step 147999 load imb.: force  2.9%
           Step           Time
         148000      296.00000

   Energies (kJ/mol)
           Bond          Angle    Proper Dih.  Improper Dih.          LJ-14
    1.64347e+02    2.78662e+02    3.58052e+02    1.35492e+01    1.82529e+02
     Coulomb-14        LJ (SR)   Coulomb (SR)   Coul. recip. Position Rest.
    2.43378e+03    1.78771e+04   -1.39795e+05    4.06627e+02    5.07414e+01
      Potential    Kinetic En.   Total Energy  Conserved En.    Temperature
   -1.18030e+05    2.26385e+04   -9.53915e+04   -9.55447e+04    3.03307e+02
 Pressure (bar)   Constr. rmsd
    2.48579e+02    2.36095e-06

           Step           Time
         148500      297.00000

   Energies (kJ/mol)
           Bond          Angle    Proper Dih.  Improper Dih.          LJ-14
    1.42183e+02    2.61279e+02    3.72107e+02    1.25217e+01    1.66568e+02
     Coulomb-14        LJ (SR)   Coulomb (SR)   Coul. recip. Position Rest.
    2.45446e+03    1.81300e+04   -1.40175e+05    4.02225e+02    3.98501e+01
      Potential    Kinetic En.   Total Energy  Conserved En.    Temperature
   -1.18194e+05    2.23434e+04   -9.58504e+04   -9.55402e+04    2.99353e+02
 Pressure (bar)   Constr. rmsd
    8.45945e+01    1.68016e-06

           Step           Time
         149000      298.00000

   Energies (kJ/mol)
           Bond          Angle    Proper Dih.  Improper Dih.          LJ-14
    1.15308e+02    2.80525e+02    3.69999e+02    2.29743e+01    1.75901e+02
     Coulomb-14        LJ (SR)   Coulomb (SR)   Coul. recip. Position Rest.
    2.45392e+03    1.73402e+04   -1.38941e+05    3.96155e+02    4.05916e+01
      Potential    Kinetic En.   Total Energy  Conserved En.    Temperature
   -1.17746e+05    2.24205e+04   -9.53254e+04   -9.55357e+04    3.00385e+02
 Pressure (bar)   Constr. rmsd
   -2.67500e+02    2.31211e-06

           Step           Time
         149500      299.00000

   Energies (kJ/mol)
           Bond          Angle    Proper Dih.  Improper Dih.          LJ-14
    1.45540e+02    2.77946e+02    3.70090e+02    2.32670e+01    1.82340e+02
     Coulomb-14        LJ (SR)   Coulomb (SR)   Coul. recip. Position Rest.
    2.44081e+03    1.75875e+04   -1.38659e+05    4.20686e+02    5.53955e+01
      Potential    Kinetic En.   Total Energy  Conserved En.    Temperature
   -1.17155e+05    2.20245e+04   -9.51308e+04   -9.55337e+04    2.95081e+02
 Pressure (bar)   Constr. rmsd
   -1.83146e+02    2.33271e-06


DD  step 149999 load imb.: force  1.9%
           Step           Time
         150000      300.00000

   Energies (kJ/mol)
           Bond          Angle    Proper Dih.  Improper Dih.          LJ-14
    1.29314e+02    2.75718e+02    3.78937e+02    1.59956e+01    1.99971e+02
     Coulomb-14        LJ (SR)   Coulomb (SR)   Coul. recip. Position Rest.
    2.50392e+03    1.79783e+04   -1.40290e+05    4.05237e+02    4.28280e+01
      Potential    Kinetic En.   Total Energy  Conserved En.    Temperature
   -1.18359e+05    2.25324e+04   -9.58271e+04   -9.55391e+04    3.01886e+02
 Pressure (bar)   Constr. rmsd
    4.90531e+01    2.13433e-06

           Step           Time
         150500      301.00000

   Energies (kJ/mol)
           Bond          Angle    Proper Dih.  Improper Dih.          LJ-14
    1.64940e+02    3.30989e+02    3.61024e+02    2.55923e+01    1.74907e+02
     Coulomb-14        LJ (SR)   Coulomb (SR)   Coul. recip. Position Rest.
    2.40864e+03    1.73528e+04   -1.39169e+05    4.46122e+02    6.35370e+01
      Potential    Kinetic En.   Total Energy  Conserved En.    Temperature
   -1.17841e+05    2.23708e+04   -9.54698e+04   -9.55317e+04    2.99720e+02
 Pressure (bar)   Constr. rmsd
   -1.31816e+02    1.50999e-06

           Step           Time
         151000      302.00000

   Energies (kJ/mol)
           Bond          Angle    Proper Dih.  Improper Dih.          LJ-14
    1.12677e+02    3.15064e+02    3.64184e+02    1.99518e+01    1.80273e+02
     Coulomb-14        LJ (SR)   Coulomb (SR)   Coul. recip. Position Rest.
    2.47394e+03    1.85900e+04   -1.40231e+05    4.10283e+02    3.70151e+01
      Potential    Kinetic En.   Total Energy  Conserved En.    Temperature
   -1.17728e+05    2.19924e+04   -9.57352e+04   -9.55269e+04    2.94650e+02
 Pressure (bar)   Constr. rmsd
    6.39568e+02    2.21116e-06

           Step           Time
         151500      303.00000

   Energies (kJ/mol)
           Bond          Angle    Proper Dih.  Improper Dih.          LJ-14
    1.40696e+02    3.07846e+02    3.81155e+02    2.05890e+01    1.82059e+02
     Coulomb-14        LJ (SR)   Coulomb (SR)   Coul. recip. Position Rest.
    2.42725e+03    1.81003e+04   -1.40396e+05    4.18227e+02    6.36319e+01
      Potential    Kinetic En.   Total Energy  Conserved En.    Temperature
   -1.18354e+05    2.24682e+04   -9.58863e+04   -9.55301e+04    3.01025e+02
 Pressure (bar)   Constr. rmsd
    4.85946e+01    3.64810e-06


DD  step 151999 load imb.: force  1.6%
           Step           Time
         152000      304.00000

   Energies (kJ/mol)
           Bond          Angle    Proper Dih.  Improper Dih.          LJ-14
    1.66383e+02    2.92609e+02    4.01982e+02    1.21816e+01    1.66472e+02
     Coulomb-14        LJ (SR)   Coulomb (SR)   Coul. recip. Position Rest.
    2.41292e+03    1.84524e+04   -1.40769e+05    4.19629e+02    4.01419e+01
      Potential    Kinetic En.   Total Energy  Conserved En.    Temperature
   -1.18404e+05    2.20826e+04   -9.63212e+04   -9.55297e+04    2.95859e+02
 Pressure (bar)   Constr. rmsd
    1.28778e+02    1.19352e-06

           Step           Time
         152500      305.00000

   Energies (kJ/mol)
           Bond          Angle    Proper Dih.  Improper Dih.          LJ-14
    1.25741e+02    3.13030e+02    3.78402e+02    1.87336e+01    1.66234e+02
     Coulomb-14        LJ (SR)   Coulomb (SR)   Coul. recip. Position Rest.
    2.43014e+03    1.77854e+04   -1.40248e+05    4.09557e+02    3.60131e+01
      Potential    Kinetic En.   Total Energy  Conserved En.    Temperature
   -1.18585e+05    2.20176e+04   -9.65672e+04   -9.55281e+04    2.94988e+02
 Pressure (bar)   Constr. rmsd
   -1.21196e+02    1.97692e-06

           Step           Time
         153000      306.00000

   Energies (kJ/mol)
           Bond          Angle    Proper Dih.  Improper Dih.          LJ-14
    1.40373e+02    2.92363e+02    3.66956e+02    1.62312e+01    1.87440e+02
     Coulomb-14        LJ (SR)   Coulomb (SR)   Coul. recip. Position Rest.
    2.44578e+03    1.78340e+04   -1.40222e+05    4.07486e+02    3.87426e+01
      Potential    Kinetic En.   Total Energy  Conserved En.    Temperature
   -1.18492e+05    2.20676e+04   -9.64246e+04   -9.55235e+04    2.95658e+02
 Pressure (bar)   Constr. rmsd
   -3.09700e+01    1.97060e-06

           Step           Time
         153500      307.00000

   Energies (kJ/mol)
           Bond          Angle    Proper Dih.  Improper Dih.          LJ-14
    1.48874e+02    3.09652e+02    3.75745e+02    1.39913e+01    1.74767e+02
     Coulomb-14        LJ (SR)   Coulomb (SR)   Coul. recip. Position Rest.
    2.41002e+03    1.79710e+04   -1.40185e+05    4.30734e+02    4.24104e+01
      Potential    Kinetic En.   Total Energy  Conserved En.    Temperature
   -1.18308e+05    2.22717e+04   -9.60360e+04   -9.55246e+04    2.98393e+02
 Pressure (bar)   Constr. rmsd
    1.31351e+02    1.88360e-06


DD  step 153999 load imb.: force  2.2%
           Step           Time
         154000      308.00000

   Energies (kJ/mol)
           Bond          Angle    Proper Dih.  Improper Dih.          LJ-14
    1.36676e+02    3.21135e+02    3.74153e+02    1.75392e+01    1.78173e+02
     Coulomb-14        LJ (SR)   Coulomb (SR)   Coul. recip. Position Rest.
    2.44517e+03    1.81012e+04   -1.40170e+05    4.10951e+02    4.71324e+01
      Potential    Kinetic En.   Total Energy  Conserved En.    Temperature
   -1.18138e+05    2.22076e+04   -9.59306e+04   -9.55221e+04    2.97534e+02
 Pressure (bar)   Constr. rmsd
    1.19665e+02    1.41710e-06

           Step           Time
         154500      309.00000

   Energies (kJ/mol)
           Bond          Angle    Proper Dih.  Improper Dih.          LJ-14
    1.24789e+02    3.15301e+02    3.93454e+02    2.12389e+01    1.68399e+02
     Coulomb-14        LJ (SR)   Coulomb (SR)   Coul. recip. Position Rest.
    2.41958e+03    1.81876e+04   -1.40486e+05    3.96109e+02    4.46142e+01
      Potential    Kinetic En.   Total Energy  Conserved En.    Temperature
   -1.18415e+05    2.23611e+04   -9.60539e+04   -9.55180e+04    2.99590e+02
 Pressure (bar)   Constr. rmsd
    1.66211e+02    2.47123e-06

           Step           Time
         155000      310.00000

   Energies (kJ/mol)
           Bond          Angle    Proper Dih.  Improper Dih.          LJ-14
    1.80846e+02    3.14777e+02    3.71914e+02    1.71457e+01    1.71381e+02
     Coulomb-14        LJ (SR)   Coulomb (SR)   Coul. recip. Position Rest.
    2.44134e+03    1.75745e+04   -1.39422e+05    4.20848e+02    3.28233e+01
      Potential    Kinetic En.   Total Energy  Conserved En.    Temperature
   -1.17896e+05    2.21179e+04   -9.57785e+04   -9.55142e+04    2.96332e+02
 Pressure (bar)   Constr. rmsd
   -5.68968e+01    1.91553e-06

           Step           Time
         155500      311.00000

   Energies (kJ/mol)
           Bond          Angle    Proper Dih.  Improper Dih.          LJ-14
    1.53651e+02    2.92790e+02    3.84690e+02    1.83633e+01    1.68375e+02
     Coulomb-14        LJ (SR)   Coulomb (SR)   Coul. recip. Position Rest.
    2.38991e+03    1.71221e+04   -1.39388e+05    3.86503e+02    5.14729e+01
      Potential    Kinetic En.   Total Energy  Conserved En.    Temperature
   -1.18420e+05    2.25176e+04   -9.59021e+04   -9.55177e+04    3.01687e+02
 Pressure (bar)   Constr. rmsd
   -5.61168e+02    1.29286e-06


DD  step 155999 load imb.: force  0.8%
           Step           Time
         156000      312.00000

   Energies (kJ/mol)
           Bond          Angle    Proper Dih.  Improper Dih.          LJ-14
    1.43460e+02    3.00565e+02    3.66247e+02    2.32930e+01    1.72581e+02
     Coulomb-14        LJ (SR)   Coulomb (SR)   Coul. recip. Position Rest.
    2.44421e+03    1.77141e+04   -1.39299e+05    4.04555e+02    5.12875e+01
      Potential    Kinetic En.   Total Energy  Conserved En.    Temperature
   -1.17678e+05    2.23301e+04   -9.53482e+04   -9.55172e+04    2.99176e+02
 Pressure (bar)   Constr. rmsd
   -1.99257e+02    2.31156e-06

           Step           Time
         156500      313.00000

   Energies (kJ/mol)
           Bond          Angle    Proper Dih.  Improper Dih.          LJ-14
    1.14749e+02    3.36846e+02    3.99130e+02    1.69361e+01    1.70514e+02
     Coulomb-14        LJ (SR)   Coulomb (SR)   Coul. recip. Position Rest.
    2.42442e+03    1.80505e+04   -1.40086e+05    4.22657e+02    5.89933e+01
      Potential    Kinetic En.   Total Energy  Conserved En.    Temperature
   -1.18091e+05    2.25713e+04   -9.55199e+04   -9.55125e+04    3.02407e+02
 Pressure (bar)   Constr. rmsd
    7.73384e+01    2.55483e-06

           Step           Time
         157000      314.00000

   Energies (kJ/mol)
           Bond          Angle    Proper Dih.  Improper Dih.          LJ-14
    1.64091e+02    3.16809e+02    3.88960e+02    2.19107e+01    1.87574e+02
     Coulomb-14        LJ (SR)   Coulomb (SR)   Coul. recip. Position Rest.
    2.43547e+03    1.74717e+04   -1.39570e+05    4.21202e+02    4.97476e+01
      Potential    Kinetic En.   Total Energy  Conserved En.    Temperature
   -1.18113e+05    2.24690e+04   -9.56435e+04   -9.55175e+04    3.01036e+02
 Pressure (bar)   Constr. rmsd
   -4.26299e+02    1.52575e-06

           Step           Time
         157500      315.00000

   Energies (kJ/mol)
           Bond          Angle    Proper Dih.  Improper Dih.          LJ-14
    1.32526e+02    3.05759e+02    3.86243e+02    2.18125e+01    1.75204e+02
     Coulomb-14        LJ (SR)   Coulomb (SR)   Coul. recip. Position Rest.
    2.40626e+03    1.80162e+04   -1.40017e+05    3.86498e+02    4.26896e+01
      Potential    Kinetic En.   Total Energy  Conserved En.    Temperature
   -1.18144e+05    2.24900e+04   -9.56539e+04   -9.55060e+04    3.01317e+02
 Pressure (bar)   Constr. rmsd
    2.62937e+02    2.14421e-06


DD  step 157999 load imb.: force  2.2%
           Step           Time
         158000      316.00000

   Energies (kJ/mol)
           Bond          Angle    Proper Dih.  Improper Dih.          LJ-14
    1.46353e+02    3.27409e+02    3.71076e+02    1.97526e+01    1.88717e+02
     Coulomb-14        LJ (SR)   Coulomb (SR)   Coul. recip. Position Rest.
    2.42234e+03    1.79322e+04   -1.39793e+05    4.19852e+02    5.31735e+01
      Potential    Kinetic En.   Total Energy  Conserved En.    Temperature
   -1.17912e+05    2.20838e+04   -9.58283e+04   -9.55053e+04    2.95875e+02
 Pressure (bar)   Constr. rmsd
    1.52967e+02    2.83579e-06

           Step           Time
         158500      317.00000

   Energies (kJ/mol)
           Bond          Angle    Proper Dih.  Improper Dih.          LJ-14
    1.13340e+02    3.19406e+02    3.51320e+02    2.34641e+01    1.75480e+02
     Coulomb-14        LJ (SR)   Coulomb (SR)   Coul. recip. Position Rest.
    2.41251e+03    1.80172e+04   -1.40056e+05    3.81605e+02    4.65625e+01
      Potential    Kinetic En.   Total Energy  Conserved En.    Temperature
   -1.18215e+05    2.23607e+04   -9.58545e+04   -9.55163e+04    2.99585e+02
 Pressure (bar)   Constr. rmsd
    8.44516e+01    1.46322e-06

           Step           Time
         159000      318.00000

   Energies (kJ/mol)
           Bond          Angle    Proper Dih.  Improper Dih.          LJ-14
    1.63843e+02    3.21401e+02    3.74218e+02    1.53722e+01    1.61697e+02
     Coulomb-14        LJ (SR)   Coulomb (SR)   Coul. recip. Position Rest.
    2.44779e+03    1.80027e+04   -1.40092e+05    3.88578e+02    4.68044e+01
      Potential    Kinetic En.   Total Energy  Conserved En.    Temperature
   -1.18170e+05    2.23206e+04   -9.58492e+04   -9.55073e+04    2.99048e+02
 Pressure (bar)   Constr. rmsd
   -1.02501e+02    5.02861e-06

           Step           Time
         159500      319.00000

   Energies (kJ/mol)
           Bond          Angle    Proper Dih.  Improper Dih.          LJ-14
    1.62675e+02    3.30267e+02    3.97086e+02    2.62445e+01    1.81950e+02
     Coulomb-14        LJ (SR)   Coulomb (SR)   Coul. recip. Position Rest.
    2.44952e+03    1.80965e+04   -1.40339e+05    4.08849e+02    5.19658e+01
      Potential    Kinetic En.   Total Energy  Conserved En.    Temperature
   -1.18234e+05    2.21088e+04   -9.61252e+04   -9.54980e+04    2.96210e+02
 Pressure (bar)   Constr. rmsd
    8.07751e+01    3.41381e-06


DD  step 159999 load imb.: force  3.1%
           Step           Time
         160000      320.00000

   Energies (kJ/mol)
           Bond          Angle    Proper Dih.  Improper Dih.          LJ-14
    1.05860e+02    3.32126e+02    3.60852e+02    1.81647e+01    1.89574e+02
     Coulomb-14        LJ (SR)   Coulomb (SR)   Coul. recip. Position Rest.
    2.40793e+03    1.73221e+04   -1.39260e+05    3.70853e+02    4.12236e+01
      Potential    Kinetic En.   Total Energy  Conserved En.    Temperature
   -1.18111e+05    2.26519e+04   -9.54594e+04   -9.55109e+04    3.03487e+02
 Pressure (bar)   Constr. rmsd
   -5.33073e+01    4.08132e-06

           Step           Time
         160500      321.00000

   Energies (kJ/mol)
           Bond          Angle    Proper Dih.  Improper Dih.          LJ-14
    1.67305e+02    3.19507e+02    3.57069e+02    1.29096e+01    1.74121e+02
     Coulomb-14        LJ (SR)   Coulomb (SR)   Coul. recip. Position Rest.
    2.35646e+03    1.79793e+04   -1.39867e+05    3.85536e+02    5.00183e+01
      Potential    Kinetic En.   Total Energy  Conserved En.    Temperature
   -1.18065e+05    2.24343e+04   -9.56308e+04   -9.55000e+04    3.00571e+02
 Pressure (bar)   Constr. rmsd
    1.02289e+02    1.71457e-06

           Step           Time
         161000      322.00000

   Energies (kJ/mol)
           Bond          Angle    Proper Dih.  Improper Dih.          LJ-14
    1.16542e+02    3.18603e+02    4.03164e+02    1.73883e+01    1.75800e+02
     Coulomb-14        LJ (SR)   Coulomb (SR)   Coul. recip. Position Rest.
    2.42989e+03    1.72502e+04   -1.39417e+05    4.16663e+02    4.17959e+01
      Potential    Kinetic En.   Total Energy  Conserved En.    Temperature
   -1.18247e+05    2.23347e+04   -9.59121e+04   -9.54977e+04    2.99236e+02
 Pressure (bar)   Constr. rmsd
   -3.21988e+02    2.04015e-06

           Step           Time
         161500      323.00000

   Energies (kJ/mol)
           Bond          Angle    Proper Dih.  Improper Dih.          LJ-14
    1.70914e+02    2.90389e+02    3.63659e+02    1.84050e+01    1.68642e+02
     Coulomb-14        LJ (SR)   Coulomb (SR)   Coul. recip. Position Rest.
    2.39443e+03    1.83655e+04   -1.40395e+05    3.95552e+02    3.79420e+01
      Potential    Kinetic En.   Total Energy  Conserved En.    Temperature
   -1.18189e+05    2.25598e+04   -9.56294e+04   -9.54974e+04    3.02252e+02
 Pressure (bar)   Constr. rmsd
    3.35908e+02    3.60618e-06


DD  step 161999 load imb.: force  0.1%
           Step           Time
         162000      324.00000

   Energies (kJ/mol)
           Bond          Angle    Proper Dih.  Improper Dih.          LJ-14
    1.62792e+02    2.77677e+02    3.67357e+02    1.16697e+01    1.64826e+02
     Coulomb-14        LJ (SR)   Coulomb (SR)   Coul. recip. Position Rest.
    2.42470e+03    1.82875e+04   -1.39979e+05    3.62742e+02    2.62223e+01
      Potential    Kinetic En.   Total Energy  Conserved En.    Temperature
   -1.17893e+05    2.22847e+04   -9.56087e+04   -9.54954e+04    2.98567e+02
 Pressure (bar)   Constr. rmsd
    2.84026e+02    2.64128e-06

           Step           Time
         162500      325.00000

   Energies (kJ/mol)
           Bond          Angle    Proper Dih.  Improper Dih.          LJ-14
    1.29908e+02    2.99443e+02    3.72506e+02    1.56622e+01    1.86794e+02
     Coulomb-14        LJ (SR)   Coulomb (SR)   Coul. recip. Position Rest.
    2.43312e+03    1.79434e+04   -1.39982e+05    4.22156e+02    4.15575e+01
      Potential    Kinetic En.   Total Energy  Conserved En.    Temperature
   -1.18137e+05    2.23015e+04   -9.58358e+04   -9.54909e+04    2.98792e+02
 Pressure (bar)   Constr. rmsd
    1.86331e+02    2.28918e-06

           Step           Time
         163000      326.00000

   Energies (kJ/mol)
           Bond          Angle    Proper Dih.  Improper Dih.          LJ-14
    1.91449e+02    3.17105e+02    3.75497e+02    2.28758e+01    1.87264e+02
     Coulomb-14        LJ (SR)   Coulomb (SR)   Coul. recip. Position Rest.
    2.41714e+03    1.80651e+04   -1.40182e+05    4.11332e+02    5.47686e+01
      Potential    Kinetic En.   Total Energy  Conserved En.    Temperature
   -1.18139e+05    2.19699e+04   -9.61691e+04   -9.54849e+04    2.94349e+02
 Pressure (bar)   Constr. rmsd
    1.84985e+02    1.81148e-06

           Step           Time
         163500      327.00000

   Energies (kJ/mol)
           Bond          Angle    Proper Dih.  Improper Dih.          LJ-14
    1.23900e+02    3.33611e+02    3.57314e+02    2.44542e+01    1.87662e+02
     Coulomb-14        LJ (SR)   Coulomb (SR)   Coul. recip. Position Rest.
    2.45700e+03    1.80201e+04   -1.40133e+05    4.03167e+02    4.09616e+01
      Potential    Kinetic En.   Total Energy  Conserved En.    Temperature
   -1.18185e+05    2.19573e+04   -9.62274e+04   -9.54943e+04    2.94180e+02
 Pressure (bar)   Constr. rmsd
    2.56437e+02    2.65148e-06


DD  step 163999 load imb.: force  1.0%
           Step           Time
         164000      328.00000

   Energies (kJ/mol)
           Bond          Angle    Proper Dih.  Improper Dih.          LJ-14
    1.30127e+02    3.11262e+02    3.52137e+02    1.74697e+01    1.84462e+02
     Coulomb-14        LJ (SR)   Coulomb (SR)   Coul. recip. Position Rest.
    2.47043e+03    1.76748e+04   -1.39833e+05    4.20624e+02    4.03647e+01
      Potential    Kinetic En.   Total Energy  Conserved En.    Temperature
   -1.18231e+05    2.20723e+04   -9.61588e+04   -9.54944e+04    2.95721e+02
 Pressure (bar)   Constr. rmsd
    8.75684e+01    2.92922e-06

           Step           Time
         164500      329.00000

   Energies (kJ/mol)
           Bond          Angle    Proper Dih.  Improper Dih.          LJ-14
    1.59419e+02    3.70523e+02    3.91956e+02    1.61108e+01    1.78723e+02
     Coulomb-14        LJ (SR)   Coulomb (SR)   Coul. recip. Position Rest.
    2.40359e+03    1.76766e+04   -1.40149e+05    3.86889e+02    5.04276e+01
      Potential    Kinetic En.   Total Energy  Conserved En.    Temperature
   -1.18515e+05    2.25069e+04   -9.60082e+04   -9.54839e+04    3.01544e+02
 Pressure (bar)   Constr. rmsd
   -1.76518e+02    2.42270e-06

           Step           Time
         165000      330.00000

   Energies (kJ/mol)
           Bond          Angle    Proper Dih.  Improper Dih.          LJ-14
    1.44068e+02    3.27370e+02    3.76651e+02    4.37171e+01    1.81559e+02
     Coulomb-14        LJ (SR)   Coulomb (SR)   Coul. recip. Position Rest.
    2.42384e+03    1.83148e+04   -1.40475e+05    4.16347e+02    5.58968e+01
      Potential    Kinetic En.   Total Energy  Conserved En.    Temperature
   -1.18190e+05    2.21947e+04   -9.59955e+04   -9.54837e+04    2.97362e+02
 Pressure (bar)   Constr. rmsd
    2.69581e+02    1.67209e-06

           Step           Time
         165500      331.00000

   Energies (kJ/mol)
           Bond          Angle    Proper Dih.  Improper Dih.          LJ-14
    1.62754e+02    2.88551e+02    3.69157e+02    2.07664e+01    1.92620e+02
     Coulomb-14        LJ (SR)   Coulomb (SR)   Coul. recip. Position Rest.
    2.38970e+03    1.82463e+04   -1.40381e+05    4.05811e+02    4.59094e+01
      Potential    Kinetic En.   Total Energy  Conserved En.    Temperature
   -1.18259e+05    2.19492e+04   -9.63100e+04   -9.54811e+04    2.94071e+02
 Pressure (bar)   Constr. rmsd
    1.10281e+02    2.25036e-06


DD  step 165999 load imb.: force  1.7%
           Step           Time
         166000      332.00000

   Energies (kJ/mol)
           Bond          Angle    Proper Dih.  Improper Dih.          LJ-14
    1.49490e+02    3.09172e+02    3.67194e+02    1.13433e+01    1.89686e+02
     Coulomb-14        LJ (SR)   Coulomb (SR)   Coul. recip. Position Rest.
    2.43049e+03    1.79297e+04   -1.39933e+05    4.12691e+02    3.60366e+01
      Potential    Kinetic En.   Total Energy  Conserved En.    Temperature
   -1.18097e+05    2.23246e+04   -9.57724e+04   -9.54843e+04    2.99102e+02
 Pressure (bar)   Constr. rmsd
    3.43926e+00    1.93754e-06

           Step           Time
         166500      333.00000

   Energies (kJ/mol)
           Bond          Angle    Proper Dih.  Improper Dih.          LJ-14
    1.61559e+02    3.09346e+02    3.68982e+02    2.55587e+01    1.75642e+02
     Coulomb-14        LJ (SR)   Coulomb (SR)   Coul. recip. Position Rest.
    2.40081e+03    1.80469e+04   -1.40558e+05    4.37318e+02    4.75346e+01
      Potential    Kinetic En.   Total Energy  Conserved En.    Temperature
   -1.18585e+05    2.21938e+04   -9.63910e+04   -9.54791e+04    2.97349e+02
 Pressure (bar)   Constr. rmsd
   -2.96926e+01    1.84899e-06

           Step           Time
         167000      334.00000

   Energies (kJ/mol)
           Bond          Angle    Proper Dih.  Improper Dih.          LJ-14
    1.65851e+02    2.84377e+02    3.73001e+02    1.34389e+01    1.73148e+02
     Coulomb-14        LJ (SR)   Coulomb (SR)   Coul. recip. Position Rest.
    2.42998e+03    1.84125e+04   -1.41038e+05    4.05545e+02    4.87458e+01
      Potential    Kinetic En.   Total Energy  Conserved En.    Temperature
   -1.18732e+05    2.24342e+04   -9.62974e+04   -9.54793e+04    3.00569e+02
 Pressure (bar)   Constr. rmsd
    2.03931e+02    1.69148e-06

           Step           Time
         167500      335.00000

   Energies (kJ/mol)
           Bond          Angle    Proper Dih.  Improper Dih.          LJ-14
    1.29214e+02    2.83935e+02    3.88358e+02    1.61513e+01    1.76988e+02
     Coulomb-14        LJ (SR)   Coulomb (SR)   Coul. recip. Position Rest.
    2.43830e+03    1.81667e+04   -1.40130e+05    3.80538e+02    4.53304e+01
      Potential    Kinetic En.   Total Energy  Conserved En.    Temperature
   -1.18105e+05    2.25537e+04   -9.55510e+04   -9.54822e+04    3.02170e+02
 Pressure (bar)   Constr. rmsd
    2.41029e+02    1.17842e-06


DD  step 167999 load imb.: force  2.0%
           Step           Time
         168000      336.00000

   Energies (kJ/mol)
           Bond          Angle    Proper Dih.  Improper Dih.          LJ-14
    1.54498e+02    3.01107e+02    3.78730e+02    1.18174e+01    1.72995e+02
     Coulomb-14        LJ (SR)   Coulomb (SR)   Coul. recip. Position Rest.
    2.45786e+03    1.75961e+04   -1.39791e+05    3.87579e+02    3.67639e+01
      Potential    Kinetic En.   Total Energy  Conserved En.    Temperature
   -1.18293e+05    2.26559e+04   -9.56373e+04   -9.54801e+04    3.03540e+02
 Pressure (bar)   Constr. rmsd
   -3.60525e+02    3.00769e-06

           Step           Time
         168500      337.00000

   Energies (kJ/mol)
           Bond          Angle    Proper Dih.  Improper Dih.          LJ-14
    1.55067e+02    3.08875e+02    3.84774e+02    1.48955e+01    1.85500e+02
     Coulomb-14        LJ (SR)   Coulomb (SR)   Coul. recip. Position Rest.
    2.43585e+03    1.74729e+04   -1.39266e+05    3.89846e+02    5.63483e+01
      Potential    Kinetic En.   Total Energy  Conserved En.    Temperature
   -1.17862e+05    2.21869e+04   -9.56748e+04   -9.54724e+04    2.97257e+02
 Pressure (bar)   Constr. rmsd
   -2.03598e+02    1.97638e-06

           Step           Time
         169000      338.00000

   Energies (kJ/mol)
           Bond          Angle    Proper Dih.  Improper Dih.          LJ-14
    1.32491e+02    2.99159e+02    3.67649e+02    1.69404e+01    1.76498e+02
     Coulomb-14        LJ (SR)   Coulomb (SR)   Coul. recip. Position Rest.
    2.41710e+03    1.81936e+04   -1.40835e+05    4.13737e+02    4.38649e+01
      Potential    Kinetic En.   Total Energy  Conserved En.    Temperature
   -1.18774e+05    2.27588e+04   -9.60148e+04   -9.54739e+04    3.04919e+02
 Pressure (bar)   Constr. rmsd
    2.52914e+01    1.33856e-06

           Step           Time
         169500      339.00000

   Energies (kJ/mol)
           Bond          Angle    Proper Dih.  Improper Dih.          LJ-14
    1.53685e+02    2.62142e+02    3.71153e+02    2.31567e+01    1.98628e+02
     Coulomb-14        LJ (SR)   Coulomb (SR)   Coul. recip. Position Rest.
    2.42758e+03    1.82304e+04   -1.40065e+05    4.34193e+02    4.76277e+01
      Potential    Kinetic En.   Total Energy  Conserved En.    Temperature
   -1.17916e+05    2.21868e+04   -9.57294e+04   -9.54722e+04    2.97255e+02
 Pressure (bar)   Constr. rmsd
    4.34987e+02    2.72925e-06


DD  step 169999 load imb.: force  1.5%
           Step           Time
         170000      340.00000

   Energies (kJ/mol)
           Bond          Angle    Proper Dih.  Improper Dih.          LJ-14
    1.48017e+02    3.18908e+02    3.78267e+02    2.12296e+01    1.82012e+02
     Coulomb-14        LJ (SR)   Coulomb (SR)   Coul. recip. Position Rest.
    2.46280e+03    1.78604e+04   -1.39887e+05    4.27597e+02    4.35207e+01
      Potential    Kinetic En.   Total Energy  Conserved En.    Temperature
   -1.18044e+05    2.25021e+04   -9.55421e+04   -9.54677e+04    3.01479e+02
 Pressure (bar)   Constr. rmsd
   -3.10470e+01    2.09539e-06

           Step           Time
         170500      341.00000

   Energies (kJ/mol)
           Bond          Angle    Proper Dih.  Improper Dih.          LJ-14
    1.47092e+02    3.04348e+02    3.87741e+02    2.58946e+01    1.84221e+02
     Coulomb-14        LJ (SR)   Coulomb (SR)   Coul. recip. Position Rest.
    2.42401e+03    1.71026e+04   -1.39068e+05    3.86195e+02    5.18028e+01
      Potential    Kinetic En.   Total Energy  Conserved En.    Temperature
   -1.18054e+05    2.21883e+04   -9.58655e+04   -9.54663e+04    2.97275e+02
 Pressure (bar)   Constr. rmsd
   -3.43559e+02    1.74979e-06

           Step           Time
         171000      342.00000

   Energies (kJ/mol)
           Bond          Angle    Proper Dih.  Improper Dih.          LJ-14
    1.34400e+02    2.56075e+02    3.57248e+02    2.65339e+01    1.79544e+02
     Coulomb-14        LJ (SR)   Coulomb (SR)   Coul. recip. Position Rest.
    2.41819e+03    1.77378e+04   -1.40481e+05    4.08605e+02    4.59055e+01
      Potential    Kinetic En.   Total Energy  Conserved En.    Temperature
   -1.18917e+05    2.23638e+04   -9.65531e+04   -9.54761e+04    2.99627e+02
 Pressure (bar)   Constr. rmsd
   -1.11240e+02    3.06874e-06

           Step           Time
         171500      343.00000

   Energies (kJ/mol)
           Bond          Angle    Proper Dih.  Improper Dih.          LJ-14
    1.50463e+02    3.12465e+02    3.87194e+02    1.67049e+01    1.91178e+02
     Coulomb-14        LJ (SR)   Coulomb (SR)   Coul. recip. Position Rest.
    2.43794e+03    1.86037e+04   -1.41452e+05    3.77795e+02    4.30936e+01
      Potential    Kinetic En.   Total Energy  Conserved En.    Temperature
   -1.18931e+05    2.21914e+04   -9.67398e+04   -9.54617e+04    2.97317e+02
 Pressure (bar)   Constr. rmsd
    4.59818e+02    1.45679e-06


DD  step 171999 load imb.: force  2.4%
           Step           Time
         172000      344.00000

   Energies (kJ/mol)
           Bond          Angle    Proper Dih.  Improper Dih.          LJ-14
    9.60330e+01    3.27741e+02    3.73383e+02    1.84549e+01    1.72009e+02
     Coulomb-14        LJ (SR)   Coulomb (SR)   Coul. recip. Position Rest.
    2.45771e+03    1.83509e+04   -1.41018e+05    3.81521e+02    4.17064e+01
      Potential    Kinetic En.   Total Energy  Conserved En.    Temperature
   -1.18798e+05    2.21111e+04   -9.66870e+04   -9.54597e+04    2.96241e+02
 Pressure (bar)   Constr. rmsd
    2.64411e+02    2.29011e-06

           Step           Time
         172500      345.00000

   Energies (kJ/mol)
           Bond          Angle    Proper Dih.  Improper Dih.          LJ-14
    1.43308e+02    2.88193e+02    3.81421e+02    1.51898e+01    1.83509e+02
     Coulomb-14        LJ (SR)   Coulomb (SR)   Coul. recip. Position Rest.
    2.43269e+03    1.78979e+04   -1.40505e+05    4.11587e+02    5.78332e+01
      Potential    Kinetic En.   Total Energy  Conserved En.    Temperature
   -1.18693e+05    2.21389e+04   -9.65545e+04   -9.54614e+04    2.96613e+02
 Pressure (bar)   Constr. rmsd
   -1.61966e+02    2.07157e-06

           Step           Time
         173000      346.00000

   Energies (kJ/mol)
           Bond          Angle    Proper Dih.  Improper Dih.          LJ-14
    1.57183e+02    3.04204e+02    3.58032e+02    1.52263e+01    1.68647e+02
     Coulomb-14        LJ (SR)   Coulomb (SR)   Coul. recip. Position Rest.
    2.38148e+03    1.80712e+04   -1.40105e+05    4.16228e+02    4.12989e+01
      Potential    Kinetic En.   Total Energy  Conserved En.    Temperature
   -1.18192e+05    2.22615e+04   -9.59300e+04   -9.54557e+04    2.98256e+02
 Pressure (bar)   Constr. rmsd
   -3.06690e+01    1.72715e-06

           Step           Time
         173500      347.00000

   Energies (kJ/mol)
           Bond          Angle    Proper Dih.  Improper Dih.          LJ-14
    1.30470e+02    2.37871e+02    3.77863e+02    2.72227e+01    1.83917e+02
     Coulomb-14        LJ (SR)   Coulomb (SR)   Coul. recip. Position Rest.
    2.49923e+03    1.76497e+04   -1.39715e+05    4.19792e+02    5.20836e+01
      Potential    Kinetic En.   Total Energy  Conserved En.    Temperature
   -1.18137e+05    2.22312e+04   -9.59054e+04   -9.54574e+04    2.97850e+02
 Pressure (bar)   Constr. rmsd
   -6.51152e+01    2.40997e-06


DD  step 173999 load imb.: force  1.3%
           Step           Time
         174000      348.00000

   Energies (kJ/mol)
           Bond          Angle    Proper Dih.  Improper Dih.          LJ-14
    1.20970e+02    2.78464e+02    3.72414e+02    2.05820e+01    1.93821e+02
     Coulomb-14        LJ (SR)   Coulomb (SR)   Coul. recip. Position Rest.
    2.45893e+03    1.79562e+04   -1.40213e+05    3.89240e+02    5.20462e+01
      Potential    Kinetic En.   Total Energy  Conserved En.    Temperature
   -1.18371e+05    2.23507e+04   -9.60201e+04   -9.54578e+04    2.99450e+02
 Pressure (bar)   Constr. rmsd
    3.78311e+01    1.97420e-06

           Step           Time
         174500      349.00000

   Energies (kJ/mol)
           Bond          Angle    Proper Dih.  Improper Dih.          LJ-14
    1.53712e+02    2.55608e+02    3.90171e+02    2.12946e+01    1.85807e+02
     Coulomb-14        LJ (SR)   Coulomb (SR)   Coul. recip. Position Rest.
    2.42858e+03    1.75890e+04   -1.39828e+05    4.17992e+02    4.78516e+01
      Potential    Kinetic En.   Total Energy  Conserved En.    Temperature
   -1.18338e+05    2.21673e+04   -9.61707e+04   -9.54551e+04    2.96994e+02
 Pressure (bar)   Constr. rmsd
   -1.78668e+02    1.83801e-06

           Step           Time
         175000      350.00000

   Energies (kJ/mol)
           Bond          Angle    Proper Dih.  Improper Dih.          LJ-14
    1.36311e+02    2.91380e+02    3.96263e+02    1.54424e+01    1.84253e+02
     Coulomb-14        LJ (SR)   Coulomb (SR)   Coul. recip. Position Rest.
    2.42373e+03    1.81842e+04   -1.40237e+05    4.01304e+02    5.73770e+01
      Potential    Kinetic En.   Total Energy  Conserved En.    Temperature
   -1.18147e+05    2.21522e+04   -9.59949e+04   -9.54467e+04    2.96792e+02
 Pressure (bar)   Constr. rmsd
    9.20288e+01    2.06942e-06

           Step           Time
         175500      351.00000

   Energies (kJ/mol)
           Bond          Angle    Proper Dih.  Improper Dih.          LJ-14
    1.44124e+02    3.38732e+02    3.70574e+02    1.55041e+01    1.78862e+02
     Coulomb-14        LJ (SR)   Coulomb (SR)   Coul. recip. Position Rest.
    2.38207e+03    1.74057e+04   -1.39625e+05    4.10806e+02    4.25007e+01
      Potential    Kinetic En.   Total Energy  Conserved En.    Temperature
   -1.18336e+05    2.24467e+04   -9.58893e+04   -9.54526e+04    3.00738e+02
 Pressure (bar)   Constr. rmsd
   -3.10630e+02    2.04248e-06


DD  step 175999 load imb.: force  3.1%
           Step           Time
         176000      352.00000

   Energies (kJ/mol)
           Bond          Angle    Proper Dih.  Improper Dih.          LJ-14
    1.24812e+02    3.18744e+02    3.81922e+02    1.32404e+01    1.61960e+02
     Coulomb-14        LJ (SR)   Coulomb (SR)   Coul. recip. Position Rest.
    2.43507e+03    1.84812e+04   -1.41463e+05    3.87926e+02    4.95804e+01
      Potential    Kinetic En.   Total Energy  Conserved En.    Temperature
   -1.19109e+05    2.26491e+04   -9.64596e+04   -9.54479e+04    3.03449e+02
 Pressure (bar)   Constr. rmsd
    2.11632e+02    2.53331e-06

           Step           Time
         176500      353.00000

   Energies (kJ/mol)
           Bond          Angle    Proper Dih.  Improper Dih.          LJ-14
    1.29833e+02    2.70896e+02    3.97113e+02    1.95355e+01    1.65514e+02
     Coulomb-14        LJ (SR)   Coulomb (SR)   Coul. recip. Position Rest.
    2.45948e+03    1.82280e+04   -1.40965e+05    3.98691e+02    5.77363e+01
      Potential    Kinetic En.   Total Energy  Conserved En.    Temperature
   -1.18838e+05    2.23635e+04   -9.64744e+04   -9.54519e+04    2.99622e+02
 Pressure (bar)   Constr. rmsd
    2.13070e+02    2.63709e-06

           Step           Time
         177000      354.00000

   Energies (kJ/mol)
           Bond          Angle    Proper Dih.  Improper Dih.          LJ-14
    1.94564e+02    2.85424e+02    3.63627e+02    1.48986e+01    1.81983e+02
     Coulomb-14        LJ (SR)   Coulomb (SR)   Coul. recip. Position Rest.
    2.42876e+03    1.77719e+04   -1.40503e+05    4.18235e+02    3.74438e+01
      Potential    Kinetic En.   Total Energy  Conserved En.    Temperature
   -1.18806e+05    2.25520e+04   -9.62539e+04   -9.54420e+04    3.02148e+02
 Pressure (bar)   Constr. rmsd
   -2.31260e+02    2.65733e-06

           Step           Time
         177500      355.00000

   Energies (kJ/mol)
           Bond          Angle    Proper Dih.  Improper Dih.          LJ-14
    1.42700e+02    3.04289e+02    3.39072e+02    1.42374e+01    1.92125e+02
     Coulomb-14        LJ (SR)   Coulomb (SR)   Coul. recip. Position Rest.
    2.42315e+03    1.77438e+04   -1.40184e+05    4.06368e+02    4.70316e+01
      Potential    Kinetic En.   Total Energy  Conserved En.    Temperature
   -1.18571e+05    2.21854e+04   -9.63860e+04   -9.54384e+04    2.97237e+02
 Pressure (bar)   Constr. rmsd
   -9.84644e+01    2.29838e-06


DD  step 177999 load imb.: force  0.7%
           Step           Time
         178000      356.00000

   Energies (kJ/mol)
           Bond          Angle    Proper Dih.  Improper Dih.          LJ-14
    1.25509e+02    2.86821e+02    3.59467e+02    1.25206e+01    1.97513e+02
     Coulomb-14        LJ (SR)   Coulomb (SR)   Coul. recip. Position Rest.
    2.44595e+03    1.80435e+04   -1.40619e+05    4.33548e+02    4.05079e+01
      Potential    Kinetic En.   Total Energy  Conserved En.    Temperature
   -1.18674e+05    2.20819e+04   -9.65919e+04   -9.54435e+04    2.95850e+02
 Pressure (bar)   Constr. rmsd
    4.50113e+02    2.14124e-06

           Step           Time
         178500      357.00000

   Energies (kJ/mol)
           Bond          Angle    Proper Dih.  Improper Dih.          LJ-14
    1.46223e+02    2.96216e+02    3.66076e+02    1.43860e+01    1.82965e+02
     Coulomb-14        LJ (SR)   Coulomb (SR)   Coul. recip. Position Rest.
    2.43529e+03    1.81787e+04   -1.41213e+05    4.09924e+02    4.26688e+01
      Potential    Kinetic En.   Total Energy  Conserved En.    Temperature
   -1.19140e+05    2.24024e+04   -9.67379e+04   -9.54373e+04    3.00143e+02
 Pressure (bar)   Constr. rmsd
    2.35514e+02    2.68302e-06

           Step           Time
         179000      358.00000

   Energies (kJ/mol)
           Bond          Angle    Proper Dih.  Improper Dih.          LJ-14
    1.43513e+02    2.90411e+02    3.78170e+02    1.14626e+01    1.73878e+02
     Coulomb-14        LJ (SR)   Coulomb (SR)   Coul. recip. Position Rest.
    2.42769e+03    1.79953e+04   -1.40367e+05    3.89627e+02    4.24849e+01
      Potential    Kinetic En.   Total Energy  Conserved En.    Temperature
   -1.18515e+05    2.20888e+04   -9.64262e+04   -9.54365e+04    2.95942e+02
 Pressure (bar)   Constr. rmsd
   -4.46659e+01    1.29252e-06

           Step           Time
         179500      359.00000

   Energies (kJ/mol)
           Bond          Angle    Proper Dih.  Improper Dih.          LJ-14
    1.20598e+02    2.86409e+02    3.88206e+02    3.30964e+01    1.92128e+02
     Coulomb-14        LJ (SR)   Coulomb (SR)   Coul. recip. Position Rest.
    2.39906e+03    1.74594e+04   -1.39634e+05    4.26243e+02    3.74651e+01
      Potential    Kinetic En.   Total Energy  Conserved En.    Temperature
   -1.18291e+05    2.23683e+04   -9.59229e+04   -9.54367e+04    2.99687e+02
 Pressure (bar)   Constr. rmsd
   -1.20882e+02    1.68703e-06


DD  step 179999 load imb.: force  2.7%
           Step           Time
         180000      360.00000

   Energies (kJ/mol)
           Bond          Angle    Proper Dih.  Improper Dih.          LJ-14
    1.36341e+02    3.24714e+02    3.70446e+02    2.20883e+01    1.66710e+02
     Coulomb-14        LJ (SR)   Coulomb (SR)   Coul. recip. Position Rest.
    2.42298e+03    1.77845e+04   -1.40111e+05    4.05278e+02    3.90235e+01
      Potential    Kinetic En.   Total Energy  Conserved En.    Temperature
   -1.18439e+05    2.21248e+04   -9.63137e+04   -9.54307e+04    2.96425e+02
 Pressure (bar)   Constr. rmsd
   -9.42088e+01    1.34740e-06

           Step           Time
         180500      361.00000

   Energies (kJ/mol)
           Bond          Angle    Proper Dih.  Improper Dih.          LJ-14
    1.41046e+02    2.83393e+02    3.61953e+02    1.12784e+01    1.69642e+02
     Coulomb-14        LJ (SR)   Coulomb (SR)   Coul. recip. Position Rest.
    2.41396e+03    1.81804e+04   -1.40625e+05    4.30996e+02    5.15716e+01
      Potential    Kinetic En.   Total Energy  Conserved En.    Temperature
   -1.18581e+05    2.20989e+04   -9.64822e+04   -9.54280e+04    2.96077e+02
 Pressure (bar)   Constr. rmsd
    2.41711e+02    1.51396e-06

           Step           Time
         181000      362.00000

   Energies (kJ/mol)
           Bond          Angle    Proper Dih.  Improper Dih.          LJ-14
    1.53039e+02    2.76630e+02    3.69948e+02    2.95102e+01    1.70460e+02
     Coulomb-14        LJ (SR)   Coulomb (SR)   Coul. recip. Position Rest.
    2.40154e+03    1.83079e+04   -1.40416e+05    3.49541e+02    3.69399e+01
      Potential    Kinetic En.   Total Energy  Conserved En.    Temperature
   -1.18320e+05    2.19660e+04   -9.63545e+04   -9.54327e+04    2.94297e+02
 Pressure (bar)   Constr. rmsd
    3.18556e+02    1.70185e-06

           Step           Time
         181500      363.00000

   Energies (kJ/mol)
           Bond          Angle    Proper Dih.  Improper Dih.          LJ-14
    1.43170e+02    2.99961e+02    3.83788e+02    2.81896e+01    1.82077e+02
     Coulomb-14        LJ (SR)   Coulomb (SR)   Coul. recip. Position Rest.
    2.47951e+03    1.79407e+04   -1.40378e+05    4.16418e+02    3.84726e+01
      Potential    Kinetic En.   Total Energy  Conserved En.    Temperature
   -1.18466e+05    2.21232e+04   -9.63425e+04   -9.54240e+04    2.96403e+02
 Pressure (bar)   Constr. rmsd
    2.09047e+02    1.32117e-06


DD  step 181999 load imb.: force  3.1%
           Step           Time
         182000      364.00000

   Energies (kJ/mol)
           Bond          Angle    Proper Dih.  Improper Dih.          LJ-14
    1.32937e+02    2.95513e+02    3.61437e+02    1.34585e+01    1.77523e+02
     Coulomb-14        LJ (SR)   Coulomb (SR)   Coul. recip. Position Rest.
    2.41806e+03    1.72486e+04   -1.39534e+05    4.08182e+02    3.72578e+01
      Potential    Kinetic En.   Total Energy  Conserved En.    Temperature
   -1.18441e+05    2.23234e+04   -9.61176e+04   -9.54286e+04    2.99085e+02
 Pressure (bar)   Constr. rmsd
   -3.82775e+02    3.08420e-06

           Step           Time
         182500      365.00000

   Energies (kJ/mol)
           Bond          Angle    Proper Dih.  Improper Dih.          LJ-14
    1.43283e+02    3.05098e+02    3.95707e+02    1.52601e+01    1.85412e+02
     Coulomb-14        LJ (SR)   Coulomb (SR)   Coul. recip. Position Rest.
    2.45766e+03    1.77478e+04   -1.40326e+05    4.18970e+02    4.48303e+01
      Potential    Kinetic En.   Total Energy  Conserved En.    Temperature
   -1.18612e+05    2.21831e+04   -9.64289e+04   -9.54227e+04    2.97205e+02
 Pressure (bar)   Constr. rmsd
   -3.08110e+02    1.54288e-06

           Step           Time
         183000      366.00000

   Energies (kJ/mol)
           Bond          Angle    Proper Dih.  Improper Dih.          LJ-14
    1.16710e+02    2.81789e+02    3.61791e+02    2.29959e+01    1.82640e+02
     Coulomb-14        LJ (SR)   Coulomb (SR)   Coul. recip. Position Rest.
    2.43602e+03    1.86279e+04   -1.41202e+05    4.21613e+02    3.30905e+01
      Potential    Kinetic En.   Total Energy  Conserved En.    Temperature
   -1.18718e+05    2.19998e+04   -9.67177e+04   -9.54244e+04    2.94750e+02
 Pressure (bar)   Constr. rmsd
    3.89402e+02    1.90428e-06

           Step           Time
         183500      367.00000

   Energies (kJ/mol)
           Bond          Angle    Proper Dih.  Improper Dih.          LJ-14
    1.46601e+02    3.03495e+02    3.53577e+02    2.16324e+01    1.70999e+02
     Coulomb-14        LJ (SR)   Coulomb (SR)   Coul. recip. Position Rest.
    2.41380e+03    1.86306e+04   -1.41287e+05    3.64898e+02    3.51552e+01
      Potential    Kinetic En.   Total Energy  Conserved En.    Temperature
   -1.18846e+05    2.27082e+04   -9.61376e+04   -9.54198e+04    3.04241e+02
 Pressure (bar)   Constr. rmsd
    4.92837e+02    2.23863e-06


DD  step 183999 load imb.: force  1.7%
           Step           Time
         184000      368.00000

   Energies (kJ/mol)
           Bond          Angle    Proper Dih.  Improper Dih.          LJ-14
    1.58933e+02    3.44102e+02    3.79777e+02    1.61459e+01    1.62327e+02
     Coulomb-14        LJ (SR)   Coulomb (SR)   Coul. recip. Position Rest.
    2.41190e+03    1.76176e+04   -1.39914e+05    3.75567e+02    4.24484e+01
      Potential    Kinetic En.   Total Energy  Conserved En.    Temperature
   -1.18405e+05    2.16770e+04   -9.67285e+04   -9.54129e+04    2.90425e+02
 Pressure (bar)   Constr. rmsd
   -1.20514e+02    1.23925e-06

           Step           Time
         184500      369.00000

   Energies (kJ/mol)
           Bond          Angle    Proper Dih.  Improper Dih.          LJ-14
    1.48679e+02    3.37021e+02    3.67437e+02    1.14125e+01    1.87880e+02
     Coulomb-14        LJ (SR)   Coulomb (SR)   Coul. recip. Position Rest.
    2.40886e+03    1.80180e+04   -1.40454e+05    4.12744e+02    4.94611e+01
      Potential    Kinetic En.   Total Energy  Conserved En.    Temperature
   -1.18512e+05    2.22384e+04   -9.62741e+04   -9.54129e+04    2.97947e+02
 Pressure (bar)   Constr. rmsd
    1.26053e+02    1.63779e-06

           Step           Time
         185000      370.00000

   Energies (kJ/mol)
           Bond          Angle    Proper Dih.  Improper Dih.          LJ-14
    1.14134e+02    2.96662e+02    3.87942e+02    2.33182e+01    1.78904e+02
     Coulomb-14        LJ (SR)   Coulomb (SR)   Coul. recip. Position Rest.
    2.37546e+03    1.78954e+04   -1.40476e+05    4.08345e+02    5.10820e+01
      Potential    Kinetic En.   Total Energy  Conserved En.    Temperature
   -1.18745e+05    2.22739e+04   -9.64710e+04   -9.54233e+04    2.98421e+02
 Pressure (bar)   Constr. rmsd
   -1.36227e+02    2.47363e-06

           Step           Time
         185500      371.00000

   Energies (kJ/mol)
           Bond          Angle    Proper Dih.  Improper Dih.          LJ-14
    1.51286e+02    2.99614e+02    3.61168e+02    1.94903e+01    1.81871e+02
     Coulomb-14        LJ (SR)   Coulomb (SR)   Coul. recip. Position Rest.
    2.42933e+03    1.75613e+04   -1.39874e+05    4.15118e+02    4.66958e+01
      Potential    Kinetic En.   Total Energy  Conserved En.    Temperature
   -1.18408e+05    2.21838e+04   -9.62238e+04   -9.54089e+04    2.97215e+02
 Pressure (bar)   Constr. rmsd
   -3.15286e+02    2.73044e-06


DD  step 185999 load imb.: force  1.3%
           Step           Time
         186000      372.00000

   Energies (kJ/mol)
           Bond          Angle    Proper Dih.  Improper Dih.          LJ-14
    1.59500e+02    2.87857e+02    3.65512e+02    2.31665e+01    1.75346e+02
     Coulomb-14        LJ (SR)   Coulomb (SR)   Coul. recip. Position Rest.
    2.41579e+03    1.79800e+04   -1.40232e+05    4.31430e+02    2.83171e+01
      Potential    Kinetic En.   Total Energy  Conserved En.    Temperature
   -1.18366e+05    2.25678e+04   -9.57977e+04   -9.54124e+04    3.02360e+02
 Pressure (bar)   Constr. rmsd
   -7.89797e+01    1.77308e-06

           Step           Time
         186500      373.00000

   Energies (kJ/mol)
           Bond          Angle    Proper Dih.  Improper Dih.          LJ-14
    1.17031e+02    3.50069e+02    3.74708e+02    1.29422e+01    1.64495e+02
     Coulomb-14        LJ (SR)   Coulomb (SR)   Coul. recip. Position Rest.
    2.39753e+03    1.81791e+04   -1.39845e+05    4.35658e+02    5.02296e+01
      Potential    Kinetic En.   Total Energy  Conserved En.    Temperature
   -1.17763e+05    2.20782e+04   -9.56852e+04   -9.54054e+04    2.95800e+02
 Pressure (bar)   Constr. rmsd
    2.66082e+02    1.89175e-06

           Step           Time
         187000      374.00000

   Energies (kJ/mol)
           Bond          Angle    Proper Dih.  Improper Dih.          LJ-14
    1.53540e+02    2.60797e+02    3.95570e+02    3.24794e+01    1.67148e+02
     Coulomb-14        LJ (SR)   Coulomb (SR)   Coul. recip. Position Rest.
    2.43987e+03    1.78863e+04   -1.40350e+05    4.10911e+02    5.39772e+01
      Potential    Kinetic En.   Total Energy  Conserved En.    Temperature
   -1.18549e+05    2.22395e+04   -9.63097e+04   -9.54106e+04    2.97962e+02
 Pressure (bar)   Constr. rmsd
   -7.10728e+01    2.45703e-06

           Step           Time
         187500      375.00000

   Energies (kJ/mol)
           Bond          Angle    Proper Dih.  Improper Dih.          LJ-14
    1.27197e+02    2.75420e+02    3.72167e+02    1.96759e+01    1.68216e+02
     Coulomb-14        LJ (SR)   Coulomb (SR)   Coul. recip. Position Rest.
    2.41609e+03    1.78755e+04   -1.39601e+05    4.18066e+02    4.28340e+01
      Potential    Kinetic En.   Total Energy  Conserved En.    Temperature
   -1.17885e+05    2.26267e+04   -9.52587e+04   -9.54087e+04    3.03149e+02
 Pressure (bar)   Constr. rmsd
    4.96994e+01    1.83447e-06


DD  step 187999 load imb.: force  1.3%
           Step           Time
         188000      376.00000

   Energies (kJ/mol)
           Bond          Angle    Proper Dih.  Improper Dih.          LJ-14
    1.10637e+02    2.58948e+02    3.89550e+02    1.35695e+01    1.69549e+02
     Coulomb-14        LJ (SR)   Coulomb (SR)   Coul. recip. Position Rest.
    2.42036e+03    1.75660e+04   -1.39422e+05    3.79138e+02    5.82046e+01
      Potential    Kinetic En.   Total Energy  Conserved En.    Temperature
   -1.18056e+05    2.23469e+04   -9.57093e+04   -9.54082e+04    2.99400e+02
 Pressure (bar)   Constr. rmsd
   -9.12480e+01    2.46868e-06

           Step           Time
         188500      377.00000

   Energies (kJ/mol)
           Bond          Angle    Proper Dih.  Improper Dih.          LJ-14
    1.19031e+02    2.79751e+02    3.68079e+02    1.03399e+01    1.91196e+02
     Coulomb-14        LJ (SR)   Coulomb (SR)   Coul. recip. Position Rest.
    2.45483e+03    1.75913e+04   -1.39357e+05    4.24644e+02    3.26161e+01
      Potential    Kinetic En.   Total Energy  Conserved En.    Temperature
   -1.17885e+05    2.22105e+04   -9.56743e+04   -9.54048e+04    2.97573e+02
 Pressure (bar)   Constr. rmsd
   -8.13326e+01    1.54136e-06

           Step           Time
         189000      378.00000

   Energies (kJ/mol)
           Bond          Angle    Proper Dih.  Improper Dih.          LJ-14
    1.34343e+02    2.69131e+02    3.41385e+02    1.66859e+01    1.91831e+02
     Coulomb-14        LJ (SR)   Coulomb (SR)   Coul. recip. Position Rest.
    2.43318e+03    1.74894e+04   -1.38782e+05    3.76696e+02    4.57104e+01
      Potential    Kinetic En.   Total Energy  Conserved En.    Temperature
   -1.17484e+05    2.21771e+04   -9.53068e+04   -9.54058e+04    2.97125e+02
 Pressure (bar)   Constr. rmsd
   -7.06498e+01    1.84994e-06

           Step           Time
         189500      379.00000

   Energies (kJ/mol)
           Bond          Angle    Proper Dih.  Improper Dih.          LJ-14
    1.02533e+02    3.09362e+02    3.91901e+02    2.10698e+01    1.74472e+02
     Coulomb-14        LJ (SR)   Coulomb (SR)   Coul. recip. Position Rest.
    2.43416e+03    1.83487e+04   -1.39884e+05    3.89835e+02    4.46917e+01
      Potential    Kinetic En.   Total Energy  Conserved En.    Temperature
   -1.17667e+05    2.27504e+04   -9.49166e+04   -9.54068e+04    3.04806e+02
 Pressure (bar)   Constr. rmsd
    5.79081e+02    2.47844e-06


DD  step 189999 load imb.: force  1.4%
           Step           Time
         190000      380.00000

   Energies (kJ/mol)
           Bond          Angle    Proper Dih.  Improper Dih.          LJ-14
    1.47929e+02    3.23619e+02    3.75202e+02    2.32154e+01    1.69814e+02
     Coulomb-14        LJ (SR)   Coulomb (SR)   Coul. recip. Position Rest.
    2.41024e+03    1.78048e+04   -1.39769e+05    3.82717e+02    4.00283e+01
      Potential    Kinetic En.   Total Energy  Conserved En.    Temperature
   -1.18091e+05    2.22793e+04   -9.58117e+04   -9.53965e+04    2.98495e+02
 Pressure (bar)   Constr. rmsd
   -6.72106e+01    1.70119e-06

           Step           Time
         190500      381.00000

   Energies (kJ/mol)
           Bond          Angle    Proper Dih.  Improper Dih.          LJ-14
    1.38191e+02    2.94448e+02    3.42957e+02    2.38878e+01    1.71609e+02
     Coulomb-14        LJ (SR)   Coulomb (SR)   Coul. recip. Position Rest.
    2.40692e+03    1.81605e+04   -1.40385e+05    4.28398e+02    4.66815e+01
      Potential    Kinetic En.   Total Energy  Conserved En.    Temperature
   -1.18371e+05    2.22069e+04   -9.61643e+04   -9.53967e+04    2.97525e+02
 Pressure (bar)   Constr. rmsd
    4.18457e+01    1.27172e-06

           Step           Time
         191000      382.00000

   Energies (kJ/mol)
           Bond          Angle    Proper Dih.  Improper Dih.          LJ-14
    9.78365e+01    2.78901e+02    3.73289e+02    2.09266e+01    1.92667e+02
     Coulomb-14        LJ (SR)   Coulomb (SR)   Coul. recip. Position Rest.
    2.43917e+03    1.77172e+04   -1.40281e+05    4.14839e+02    4.82846e+01
      Potential    Kinetic En.   Total Energy  Conserved En.    Temperature
   -1.18697e+05    2.27618e+04   -9.59356e+04   -9.54043e+04    3.04959e+02
 Pressure (bar)   Constr. rmsd
   -4.22555e+00    1.95099e-06

           Step           Time
         191500      383.00000

   Energies (kJ/mol)
           Bond          Angle    Proper Dih.  Improper Dih.          LJ-14
    1.14570e+02    3.06190e+02    3.56374e+02    2.10991e+01    1.75745e+02
     Coulomb-14        LJ (SR)   Coulomb (SR)   Coul. recip. Position Rest.
    2.39428e+03    1.79747e+04   -1.40883e+05    4.21387e+02    4.69376e+01
      Potential    Kinetic En.   Total Energy  Conserved En.    Temperature
   -1.19071e+05    2.26758e+04   -9.63954e+04   -9.54000e+04    3.03807e+02
 Pressure (bar)   Constr. rmsd
    1.43137e+02    2.81496e-06


DD  step 191999 load imb.: force  1.5%
           Step           Time
         192000      384.00000

   Energies (kJ/mol)
           Bond          Angle    Proper Dih.  Improper Dih.          LJ-14
    1.41869e+02    2.72599e+02    3.45606e+02    1.50745e+01    1.72683e+02
     Coulomb-14        LJ (SR)   Coulomb (SR)   Coul. recip. Position Rest.
    2.40570e+03    1.76148e+04   -1.40058e+05    4.32840e+02    5.45842e+01
      Potential    Kinetic En.   Total Energy  Conserved En.    Temperature
   -1.18603e+05    2.24983e+04   -9.61045e+04   -9.53928e+04    3.01428e+02
 Pressure (bar)   Constr. rmsd
   -1.45845e+02    2.40074e-06

           Step           Time
         192500      385.00000

   Energies (kJ/mol)
           Bond          Angle    Proper Dih.  Improper Dih.          LJ-14
    1.09008e+02    2.96243e+02    3.45551e+02    1.06044e+01    1.84638e+02
     Coulomb-14        LJ (SR)   Coulomb (SR)   Coul. recip. Position Rest.
    2.42223e+03    1.76815e+04   -1.40044e+05    4.28497e+02    6.06503e+01
      Potential    Kinetic En.   Total Energy  Conserved En.    Temperature
   -1.18505e+05    2.26499e+04   -9.58549e+04   -9.53986e+04    3.03459e+02
 Pressure (bar)   Constr. rmsd
   -5.30227e+01    2.00832e-06

           Step           Time
         193000      386.00000

   Energies (kJ/mol)
           Bond          Angle    Proper Dih.  Improper Dih.          LJ-14
    1.44506e+02    2.63419e+02    3.66355e+02    1.94623e+01    1.74735e+02
     Coulomb-14        LJ (SR)   Coulomb (SR)   Coul. recip. Position Rest.
    2.47342e+03    1.82671e+04   -1.40124e+05    4.02371e+02    3.78527e+01
      Potential    Kinetic En.   Total Energy  Conserved En.    Temperature
   -1.17975e+05    2.24618e+04   -9.55130e+04   -9.53947e+04    3.00939e+02
 Pressure (bar)   Constr. rmsd
    2.55309e+02    5.47931e-06

           Step           Time
         193500      387.00000

   Energies (kJ/mol)
           Bond          Angle    Proper Dih.  Improper Dih.          LJ-14
    1.62263e+02    3.10387e+02    3.64038e+02    2.26916e+01    1.83392e+02
     Coulomb-14        LJ (SR)   Coulomb (SR)   Coul. recip. Position Rest.
    2.40285e+03    1.79750e+04   -1.40093e+05    4.16208e+02    4.78739e+01
      Potential    Kinetic En.   Total Energy  Conserved En.    Temperature
   -1.18208e+05    2.23024e+04   -9.59058e+04   -9.53840e+04    2.98804e+02
 Pressure (bar)   Constr. rmsd
   -6.60725e+01    2.52786e-06


DD  step 193999 load imb.: force  0.8%
           Step           Time
         194000      388.00000

   Energies (kJ/mol)
           Bond          Angle    Proper Dih.  Improper Dih.          LJ-14
    1.76123e+02    3.22530e+02    3.78370e+02    2.13797e+01    1.62831e+02
     Coulomb-14        LJ (SR)   Coulomb (SR)   Coul. recip. Position Rest.
    2.42346e+03    1.72209e+04   -1.39295e+05    3.71885e+02    4.89958e+01
      Potential    Kinetic En.   Total Energy  Conserved En.    Temperature
   -1.18169e+05    2.18446e+04   -9.63242e+04   -9.53837e+04    2.92671e+02
 Pressure (bar)   Constr. rmsd
   -7.33898e+02    1.99892e-06

           Step           Time
         194500      389.00000

   Energies (kJ/mol)
           Bond          Angle    Proper Dih.  Improper Dih.          LJ-14
    1.24681e+02    3.16187e+02    3.72929e+02    1.84174e+01    1.99805e+02
     Coulomb-14        LJ (SR)   Coulomb (SR)   Coul. recip. Position Rest.
    2.43814e+03    1.78465e+04   -1.40324e+05    4.14121e+02    3.85154e+01
      Potential    Kinetic En.   Total Energy  Conserved En.    Temperature
   -1.18555e+05    2.21793e+04   -9.63755e+04   -9.53828e+04    2.97155e+02
 Pressure (bar)   Constr. rmsd
    2.34773e+02    2.25293e-06

           Step           Time
         195000      390.00000

   Energies (kJ/mol)
           Bond          Angle    Proper Dih.  Improper Dih.          LJ-14
    1.32446e+02    2.65137e+02    3.69269e+02    3.22734e+01    1.77612e+02
     Coulomb-14        LJ (SR)   Coulomb (SR)   Coul. recip. Position Rest.
    2.44327e+03    1.80926e+04   -1.40970e+05    4.01495e+02    3.76680e+01
      Potential    Kinetic En.   Total Energy  Conserved En.    Temperature
   -1.19018e+05    2.22983e+04   -9.67195e+04   -9.53821e+04    2.98749e+02
 Pressure (bar)   Constr. rmsd
    5.42539e+01    2.04046e-06

           Step           Time
         195500      391.00000

   Energies (kJ/mol)
           Bond          Angle    Proper Dih.  Improper Dih.          LJ-14
    1.32648e+02    3.04455e+02    3.63293e+02    2.38128e+01    1.63034e+02
     Coulomb-14        LJ (SR)   Coulomb (SR)   Coul. recip. Position Rest.
    2.40877e+03    1.85237e+04   -1.41644e+05    3.73584e+02    3.46274e+01
      Potential    Kinetic En.   Total Energy  Conserved En.    Temperature
   -1.19316e+05    2.23587e+04   -9.69575e+04   -9.53794e+04    2.99559e+02
 Pressure (bar)   Constr. rmsd
    2.46580e+02    1.59938e-06


DD  step 195999 load imb.: force  1.4%
           Step           Time
         196000      392.00000

   Energies (kJ/mol)
           Bond          Angle    Proper Dih.  Improper Dih.          LJ-14
    1.40464e+02    3.07559e+02    3.59443e+02    1.29975e+01    1.83995e+02
     Coulomb-14        LJ (SR)   Coulomb (SR)   Coul. recip. Position Rest.
    2.42174e+03    1.83238e+04   -1.40786e+05    4.12700e+02    5.49208e+01
      Potential    Kinetic En.   Total Energy  Conserved En.    Temperature
   -1.18568e+05    2.18943e+04   -9.66741e+04   -9.53736e+04    2.93336e+02
 Pressure (bar)   Constr. rmsd
    2.60242e+02    2.76927e-06

           Step           Time
         196500      393.00000

   Energies (kJ/mol)
           Bond          Angle    Proper Dih.  Improper Dih.          LJ-14
    1.12921e+02    3.28053e+02    3.93012e+02    2.43540e+01    1.64725e+02
     Coulomb-14        LJ (SR)   Coulomb (SR)   Coul. recip. Position Rest.
    2.42649e+03    1.74317e+04   -1.40322e+05    3.96759e+02    3.25360e+01
      Potential    Kinetic En.   Total Energy  Conserved En.    Temperature
   -1.19012e+05    2.23343e+04   -9.66775e+04   -9.53767e+04    2.99231e+02
 Pressure (bar)   Constr. rmsd
   -5.18234e+02    2.55520e-06

           Step           Time
         197000      394.00000

   Energies (kJ/mol)
           Bond          Angle    Proper Dih.  Improper Dih.          LJ-14
    1.33640e+02    2.80039e+02    3.57653e+02    1.98890e+01    1.70660e+02
     Coulomb-14        LJ (SR)   Coulomb (SR)   Coul. recip. Position Rest.
    2.42785e+03    1.82879e+04   -1.41058e+05    4.24405e+02    4.64229e+01
      Potential    Kinetic En.   Total Energy  Conserved En.    Temperature
   -1.18910e+05    2.21421e+04   -9.67678e+04   -9.53816e+04    2.96656e+02
 Pressure (bar)   Constr. rmsd
    1.56315e+02    3.79234e-06

           Step           Time
         197500      395.00000

   Energies (kJ/mol)
           Bond          Angle    Proper Dih.  Improper Dih.          LJ-14
    1.07442e+02    3.30390e+02    3.61937e+02    1.09099e+01    1.90566e+02
     Coulomb-14        LJ (SR)   Coulomb (SR)   Coul. recip. Position Rest.
    2.42881e+03    1.73964e+04   -1.40181e+05    3.86627e+02    4.25445e+01
      Potential    Kinetic En.   Total Energy  Conserved En.    Temperature
   -1.18925e+05    2.20198e+04   -9.69057e+04   -9.53698e+04    2.95017e+02
 Pressure (bar)   Constr. rmsd
   -1.94464e+02    1.09622e-06


DD  step 197999 load imb.: force  1.7%
           Step           Time
         198000      396.00000

   Energies (kJ/mol)
           Bond          Angle    Proper Dih.  Improper Dih.          LJ-14
    1.56232e+02    2.80985e+02    3.67263e+02    1.94946e+01    1.85071e+02
     Coulomb-14        LJ (SR)   Coulomb (SR)   Coul. recip. Position Rest.
    2.43608e+03    1.83079e+04   -1.41065e+05    4.05333e+02    4.04237e+01
      Potential    Kinetic En.   Total Energy  Conserved En.    Temperature
   -1.18866e+05    2.21133e+04   -9.67531e+04   -9.53687e+04    2.96270e+02
 Pressure (bar)   Constr. rmsd
    3.38634e+02    1.44291e-06

           Step           Time
         198500      397.00000

   Energies (kJ/mol)
           Bond          Angle    Proper Dih.  Improper Dih.          LJ-14
    1.51701e+02    2.97974e+02    3.93241e+02    1.10842e+01    1.71207e+02
     Coulomb-14        LJ (SR)   Coulomb (SR)   Coul. recip. Position Rest.
    2.42127e+03    1.79430e+04   -1.40612e+05    4.03128e+02    5.55599e+01
      Potential    Kinetic En.   Total Energy  Conserved En.    Temperature
   -1.18764e+05    2.22890e+04   -9.64748e+04   -9.53685e+04    2.98625e+02
 Pressure (bar)   Constr. rmsd
   -1.33483e+01    2.40817e-06

           Step           Time
         199000      398.00000

   Energies (kJ/mol)
           Bond          Angle    Proper Dih.  Improper Dih.          LJ-14
    1.32750e+02    3.10576e+02    3.81385e+02    2.92244e+01    1.70546e+02
     Coulomb-14        LJ (SR)   Coulomb (SR)   Coul. recip. Position Rest.
    2.42113e+03    1.78060e+04   -1.40252e+05    3.98879e+02    5.23038e+01
      Potential    Kinetic En.   Total Energy  Conserved En.    Temperature
   -1.18549e+05    2.20511e+04   -9.64983e+04   -9.53680e+04    2.95437e+02
 Pressure (bar)   Constr. rmsd
   -1.93627e+02    1.78043e-06

           Step           Time
         199500      399.00000

   Energies (kJ/mol)
           Bond          Angle    Proper Dih.  Improper Dih.          LJ-14
    9.21702e+01    2.89942e+02    3.73754e+02    1.21729e+01    1.78113e+02
     Coulomb-14        LJ (SR)   Coulomb (SR)   Coul. recip. Position Rest.
    2.43417e+03    1.80310e+04   -1.40647e+05    3.93939e+02    4.94903e+01
      Potential    Kinetic En.   Total Energy  Conserved En.    Temperature
   -1.18792e+05    2.19041e+04   -9.68878e+04   -9.53692e+04    2.93467e+02
 Pressure (bar)   Constr. rmsd
    2.03704e+01    2.10723e-06


DD  step 199999 load imb.: force  2.3%
           Step           Time
         200000      400.00000

   Energies (kJ/mol)
           Bond          Angle    Proper Dih.  Improper Dih.          LJ-14
    1.23937e+02    2.73626e+02    3.69104e+02    2.70175e+01    1.79716e+02
     Coulomb-14        LJ (SR)   Coulomb (SR)   Coul. recip. Position Rest.
    2.43886e+03    1.85719e+04   -1.41404e+05    3.73478e+02    5.59675e+01
      Potential    Kinetic En.   Total Energy  Conserved En.    Temperature
   -1.18990e+05    2.16903e+04   -9.73002e+04   -9.53690e+04    2.90603e+02
 Pressure (bar)   Constr. rmsd
    1.18973e+02    2.03719e-06

           Step           Time
         200500      401.00000

   Energies (kJ/mol)
           Bond          Angle    Proper Dih.  Improper Dih.          LJ-14
    1.21167e+02    2.60206e+02    3.80171e+02    8.48532e+00    1.68250e+02
     Coulomb-14        LJ (SR)   Coulomb (SR)   Coul. recip. Position Rest.
    2.44145e+03    1.82268e+04   -1.40764e+05    4.25846e+02    4.36300e+01
      Potential    Kinetic En.   Total Energy  Conserved En.    Temperature
   -1.18688e+05    2.20065e+04   -9.66815e+04   -9.53646e+04    2.94840e+02
 Pressure (bar)   Constr. rmsd
    1.52928e+02    2.68952e-06

           Step           Time
         201000      402.00000

   Energies (kJ/mol)
           Bond          Angle    Proper Dih.  Improper Dih.          LJ-14
    1.59369e+02    2.73473e+02    3.82978e+02    1.58325e+01    1.79830e+02
     Coulomb-14        LJ (SR)   Coulomb (SR)   Coul. recip. Position Rest.
    2.41816e+03    1.77425e+04   -1.40409e+05    4.33196e+02    4.49940e+01
      Potential    Kinetic En.   Total Energy  Conserved En.    Temperature
   -1.18758e+05    2.24413e+04   -9.63172e+04   -9.53658e+04    3.00664e+02
 Pressure (bar)   Constr. rmsd
   -2.62837e+02    1.40340e-06

           Step           Time
         201500      403.00000

   Energies (kJ/mol)
           Bond          Angle    Proper Dih.  Improper Dih.          LJ-14
    1.34507e+02    3.24669e+02    3.61970e+02    1.14928e+01    1.63254e+02
     Coulomb-14        LJ (SR)   Coulomb (SR)   Coul. recip. Position Rest.
    2.41247e+03    1.73719e+04   -1.40059e+05    4.05168e+02    4.70797e+01
      Potential    Kinetic En.   Total Energy  Conserved En.    Temperature
   -1.18827e+05    2.22235e+04   -9.66032e+04   -9.53630e+04    2.97747e+02
 Pressure (bar)   Constr. rmsd
   -5.09223e+02    2.29380e-06


DD  step 201999 load imb.: force  0.8%
           Step           Time
         202000      404.00000

   Energies (kJ/mol)
           Bond          Angle    Proper Dih.  Improper Dih.          LJ-14
    1.06303e+02    2.88520e+02    3.79230e+02    1.87070e+01    1.80266e+02
     Coulomb-14        LJ (SR)   Coulomb (SR)   Coul. recip. Position Rest.
    2.41843e+03    1.84136e+04   -1.40822e+05    4.09991e+02    4.07382e+01
      Potential    Kinetic En.   Total Energy  Conserved En.    Temperature
   -1.18566e+05    2.21715e+04   -9.63950e+04   -9.53663e+04    2.97050e+02
 Pressure (bar)   Constr. rmsd
    4.02619e+02    1.23680e-06

           Step           Time
         202500      405.00000

   Energies (kJ/mol)
           Bond          Angle    Proper Dih.  Improper Dih.          LJ-14
    1.31736e+02    2.83367e+02    3.77845e+02    1.79563e+01    1.79672e+02
     Coulomb-14        LJ (SR)   Coulomb (SR)   Coul. recip. Position Rest.
    2.41457e+03    1.77080e+04   -1.40280e+05    3.91733e+02    7.22287e+01
      Potential    Kinetic En.   Total Energy  Conserved En.    Temperature
   -1.18703e+05    2.21260e+04   -9.65770e+04   -9.53563e+04    2.96441e+02
 Pressure (bar)   Constr. rmsd
   -3.34615e+01    2.26833e-06

           Step           Time
         203000      406.00000

   Energies (kJ/mol)
           Bond          Angle    Proper Dih.  Improper Dih.          LJ-14
    1.29336e+02    3.09226e+02    3.91440e+02    1.52788e+01    1.79917e+02
     Coulomb-14        LJ (SR)   Coulomb (SR)   Coul. recip. Position Rest.
    2.40288e+03    1.79336e+04   -1.40556e+05    3.79749e+02    4.52833e+01
      Potential    Kinetic En.   Total Energy  Conserved En.    Temperature
   -1.18770e+05    2.20873e+04   -9.66824e+04   -9.53603e+04    2.95922e+02
 Pressure (bar)   Constr. rmsd
   -1.46576e+02    2.73269e-06

           Step           Time
         203500      407.00000

   Energies (kJ/mol)
           Bond          Angle    Proper Dih.  Improper Dih.          LJ-14
    1.59330e+02    2.94301e+02    3.52790e+02    1.40977e+01    1.81885e+02
     Coulomb-14        LJ (SR)   Coulomb (SR)   Coul. recip. Position Rest.
    2.48955e+03    1.75714e+04   -1.39681e+05    4.12802e+02    4.01721e+01
      Potential    Kinetic En.   Total Energy  Conserved En.    Temperature
   -1.18165e+05    2.19228e+04   -9.62418e+04   -9.53575e+04    2.93718e+02
 Pressure (bar)   Constr. rmsd
   -1.75627e+02    2.51257e-06


DD  step 203999 load imb.: force  0.7%
           Step           Time
         204000      408.00000

   Energies (kJ/mol)
           Bond          Angle    Proper Dih.  Improper Dih.          LJ-14
    1.23963e+02    3.04171e+02    3.65105e+02    1.88114e+01    1.95091e+02
     Coulomb-14        LJ (SR)   Coulomb (SR)   Coul. recip. Position Rest.
    2.48349e+03    1.81580e+04   -1.40760e+05    3.79584e+02    4.51094e+01
      Potential    Kinetic En.   Total Energy  Conserved En.    Temperature
   -1.18687e+05    2.22872e+04   -9.63997e+04   -9.53581e+04    2.98601e+02
 Pressure (bar)   Constr. rmsd
    3.92839e+02    1.84483e-06

           Step           Time
         204500      409.00000

   Energies (kJ/mol)
           Bond          Angle    Proper Dih.  Improper Dih.          LJ-14
    1.06091e+02    2.85669e+02    3.51656e+02    1.44951e+01    1.72454e+02
     Coulomb-14        LJ (SR)   Coulomb (SR)   Coul. recip. Position Rest.
    2.48848e+03    1.79358e+04   -1.40043e+05    3.90518e+02    4.03504e+01
      Potential    Kinetic En.   Total Energy  Conserved En.    Temperature
   -1.18258e+05    2.18708e+04   -9.63870e+04   -9.53579e+04    2.93022e+02
 Pressure (bar)   Constr. rmsd
    1.20274e+02    1.82630e-06

           Step           Time
         205000      410.00000

   Energies (kJ/mol)
           Bond          Angle    Proper Dih.  Improper Dih.          LJ-14
    1.04834e+02    2.78984e+02    3.58928e+02    1.92554e+01    1.90325e+02
     Coulomb-14        LJ (SR)   Coulomb (SR)   Coul. recip. Position Rest.
    2.42895e+03    1.70036e+04   -1.39401e+05    3.76383e+02    3.36683e+01
      Potential    Kinetic En.   Total Energy  Conserved En.    Temperature
   -1.18606e+05    2.22614e+04   -9.63442e+04   -9.53605e+04    2.98255e+02
 Pressure (bar)   Constr. rmsd
   -6.79878e+02    2.55639e-06

           Step           Time
         205500      411.00000

   Energies (kJ/mol)
           Bond          Angle    Proper Dih.  Improper Dih.          LJ-14
    1.00818e+02    3.17579e+02    3.67977e+02    2.96252e+01    1.88462e+02
     Coulomb-14        LJ (SR)   Coulomb (SR)   Coul. recip. Position Rest.
    2.43734e+03    1.82531e+04   -1.40278e+05    3.84824e+02    4.86381e+01
      Potential    Kinetic En.   Total Energy  Conserved En.    Temperature
   -1.18150e+05    2.20136e+04   -9.61362e+04   -9.53517e+04    2.94935e+02
 Pressure (bar)   Constr. rmsd
    2.18149e+02    1.84943e-06


DD  step 205999 load imb.: force  2.4%
           Step           Time
         206000      412.00000

   Energies (kJ/mol)
           Bond          Angle    Proper Dih.  Improper Dih.          LJ-14
    1.34016e+02    2.81090e+02    3.83191e+02    2.74486e+01    1.69149e+02
     Coulomb-14        LJ (SR)   Coulomb (SR)   Coul. recip. Position Rest.
    2.43000e+03    1.76764e+04   -1.39899e+05    3.75819e+02    3.59456e+01
      Potential    Kinetic En.   Total Energy  Conserved En.    Temperature
   -1.18386e+05    2.20555e+04   -9.63308e+04   -9.53444e+04    2.95496e+02
 Pressure (bar)   Constr. rmsd
   -9.60250e+01    1.33952e-06

           Step           Time
         206500      413.00000

   Energies (kJ/mol)
           Bond          Angle    Proper Dih.  Improper Dih.          LJ-14
    1.09004e+02    2.40051e+02    3.84757e+02    1.73406e+01    1.84134e+02
     Coulomb-14        LJ (SR)   Coulomb (SR)   Coul. recip. Position Rest.
    2.49101e+03    1.84311e+04   -1.40942e+05    4.23150e+02    3.97550e+01
      Potential    Kinetic En.   Total Energy  Conserved En.    Temperature
   -1.18622e+05    2.22958e+04   -9.63261e+04   -9.53506e+04    2.98715e+02
 Pressure (bar)   Constr. rmsd
    3.89302e+02    2.29530e-06

           Step           Time
         207000      414.00000

   Energies (kJ/mol)
           Bond          Angle    Proper Dih.  Improper Dih.          LJ-14
    1.43973e+02    3.19899e+02    3.85950e+02    1.79733e+01    1.46158e+02
     Coulomb-14        LJ (SR)   Coulomb (SR)   Coul. recip. Position Rest.
    2.43210e+03    1.83024e+04   -1.40908e+05    3.85279e+02    3.31978e+01
      Potential    Kinetic En.   Total Energy  Conserved En.    Temperature
   -1.18741e+05    2.24636e+04   -9.62777e+04   -9.53441e+04    3.00963e+02
 Pressure (bar)   Constr. rmsd
    1.23366e+02    2.18194e-06

           Step           Time
         207500      415.00000

   Energies (kJ/mol)
           Bond          Angle    Proper Dih.  Improper Dih.          LJ-14
    1.43895e+02    2.64970e+02    3.94140e+02    2.76561e+01    1.75148e+02
     Coulomb-14        LJ (SR)   Coulomb (SR)   Coul. recip. Position Rest.
    2.39608e+03    1.84798e+04   -1.41172e+05    4.20146e+02    5.19766e+01
      Potential    Kinetic En.   Total Energy  Conserved En.    Temperature
   -1.18818e+05    2.21793e+04   -9.66390e+04   -9.53392e+04    2.97155e+02
 Pressure (bar)   Constr. rmsd
    4.66735e+02    1.95406e-06


DD  step 207999 load imb.: force  0.7%
           Step           Time
         208000      416.00000

   Energies (kJ/mol)
           Bond          Angle    Proper Dih.  Improper Dih.          LJ-14
    1.25746e+02    3.07888e+02    3.73942e+02    1.55090e+01    1.80560e+02
     Coulomb-14        LJ (SR)   Coulomb (SR)   Coul. recip. Position Rest.
    2.46397e+03    1.74771e+04   -1.39958e+05    4.09722e+02    5.19350e+01
      Potential    Kinetic En.   Total Energy  Conserved En.    Temperature
   -1.18552e+05    2.19654e+04   -9.65866e+04   -9.53446e+04    2.94289e+02
 Pressure (bar)   Constr. rmsd
   -1.71746e+02    1.29077e-06

           Step           Time
         208500      417.00000

   Energies (kJ/mol)
           Bond          Angle    Proper Dih.  Improper Dih.          LJ-14
    1.26656e+02    2.86718e+02    3.86053e+02    2.29469e+01    1.71901e+02
     Coulomb-14        LJ (SR)   Coulomb (SR)   Coul. recip. Position Rest.
    2.38494e+03    1.78329e+04   -1.39884e+05    4.18563e+02    3.81751e+01
      Potential    Kinetic En.   Total Energy  Conserved En.    Temperature
   -1.18215e+05    2.20881e+04   -9.61272e+04   -9.53405e+04    2.95933e+02
 Pressure (bar)   Constr. rmsd
   -4.15103e+01    2.14441e-06

           Step           Time
         209000      418.00000

   Energies (kJ/mol)
           Bond          Angle    Proper Dih.  Improper Dih.          LJ-14
    1.52006e+02    2.61101e+02    3.85652e+02    2.37784e+01    1.83076e+02
     Coulomb-14        LJ (SR)   Coulomb (SR)   Coul. recip. Position Rest.
    2.41715e+03    1.77140e+04   -1.39791e+05    4.10505e+02    4.94236e+01
      Potential    Kinetic En.   Total Energy  Conserved En.    Temperature
   -1.18194e+05    2.23406e+04   -9.58539e+04   -9.53424e+04    2.99315e+02
 Pressure (bar)   Constr. rmsd
   -2.07677e+02    1.52500e-06

           Step           Time
         209500      419.00000

   Energies (kJ/mol)
           Bond          Angle    Proper Dih.  Improper Dih.          LJ-14
    1.34636e+02    2.47549e+02    3.80900e+02    2.07843e+01    1.90201e+02
     Coulomb-14        LJ (SR)   Coulomb (SR)   Coul. recip. Position Rest.
    2.40926e+03    1.75801e+04   -1.39488e+05    4.14029e+02    5.91519e+01
      Potential    Kinetic En.   Total Energy  Conserved En.    Temperature
   -1.18052e+05    2.25956e+04   -9.54560e+04   -9.53465e+04    3.02732e+02
 Pressure (bar)   Constr. rmsd
   -1.42064e+02    1.83048e-06


DD  step 209999 load imb.: force  2.0%
           Step           Time
         210000      420.00000

   Energies (kJ/mol)
           Bond          Angle    Proper Dih.  Improper Dih.          LJ-14
    1.21528e+02    3.15665e+02    3.89730e+02    1.66897e+01    1.69387e+02
     Coulomb-14        LJ (SR)   Coulomb (SR)   Coul. recip. Position Rest.
    2.41083e+03    1.71152e+04   -1.38707e+05    3.92599e+02    4.06725e+01
      Potential    Kinetic En.   Total Energy  Conserved En.    Temperature
   -1.17734e+05    2.23588e+04   -9.53755e+04   -9.53389e+04    2.99560e+02
 Pressure (bar)   Constr. rmsd
   -2.52198e+02    1.80837e-06

           Step           Time
         210500      421.00000

   Energies (kJ/mol)
           Bond          Angle    Proper Dih.  Improper Dih.          LJ-14
    1.57125e+02    2.67723e+02    3.73810e+02    2.12699e+01    1.69579e+02
     Coulomb-14        LJ (SR)   Coulomb (SR)   Coul. recip. Position Rest.
    2.43523e+03    1.80656e+04   -1.40006e+05    4.07059e+02    3.89317e+01
      Potential    Kinetic En.   Total Energy  Conserved En.    Temperature
   -1.18070e+05    2.23043e+04   -9.57653e+04   -9.53345e+04    2.98829e+02
 Pressure (bar)   Constr. rmsd
    1.97910e+02    3.03307e-06

           Step           Time
         211000      422.00000

   Energies (kJ/mol)
           Bond          Angle    Proper Dih.  Improper Dih.          LJ-14
    1.15398e+02    2.70220e+02    3.69443e+02    2.60087e+01    1.84115e+02
     Coulomb-14        LJ (SR)   Coulomb (SR)   Coul. recip. Position Rest.
    2.41714e+03    1.76300e+04   -1.39572e+05    3.73981e+02    6.27552e+01
      Potential    Kinetic En.   Total Energy  Conserved En.    Temperature
   -1.18123e+05    2.22815e+04   -9.58415e+04   -9.53346e+04    2.98524e+02
 Pressure (bar)   Constr. rmsd
   -7.38722e+01    2.42303e-06

           Step           Time
         211500      423.00000

   Energies (kJ/mol)
           Bond          Angle    Proper Dih.  Improper Dih.          LJ-14
    1.24086e+02    3.03753e+02    3.54805e+02    1.03811e+01    1.81721e+02
     Coulomb-14        LJ (SR)   Coulomb (SR)   Coul. recip. Position Rest.
    2.41174e+03    1.78953e+04   -1.40261e+05    3.98237e+02    7.20911e+01
      Potential    Kinetic En.   Total Energy  Conserved En.    Temperature
   -1.18509e+05    2.20502e+04   -9.64585e+04   -9.53363e+04    2.95425e+02
 Pressure (bar)   Constr. rmsd
    1.16809e+01    2.29803e-06


DD  step 211999 load imb.: force  1.4%
           Step           Time
         212000      424.00000

   Energies (kJ/mol)
           Bond          Angle    Proper Dih.  Improper Dih.          LJ-14
    1.22175e+02    2.72055e+02    3.94620e+02    2.77466e+01    1.90043e+02
     Coulomb-14        LJ (SR)   Coulomb (SR)   Coul. recip. Position Rest.
    2.43058e+03    1.76434e+04   -1.39828e+05    3.89458e+02    4.14418e+01
      Potential    Kinetic En.   Total Energy  Conserved En.    Temperature
   -1.18316e+05    2.24949e+04   -9.58212e+04   -9.53358e+04    3.01383e+02
 Pressure (bar)   Constr. rmsd
   -6.26190e+01    2.31333e-06

           Step           Time
         212500      425.00000

   Energies (kJ/mol)
           Bond          Angle    Proper Dih.  Improper Dih.          LJ-14
    1.57412e+02    3.00852e+02    3.55200e+02    1.55219e+01    1.79796e+02
     Coulomb-14        LJ (SR)   Coulomb (SR)   Coul. recip. Position Rest.
    2.42536e+03    1.78219e+04   -1.39816e+05    4.14555e+02    5.48301e+01
      Potential    Kinetic En.   Total Energy  Conserved En.    Temperature
   -1.18091e+05    2.21468e+04   -9.59443e+04   -9.53282e+04    2.96719e+02
 Pressure (bar)   Constr. rmsd
    9.19125e+01    1.56236e-06

           Step           Time
         213000      426.00000

   Energies (kJ/mol)
           Bond          Angle    Proper Dih.  Improper Dih.          LJ-14
    1.39616e+02    2.80627e+02    3.59294e+02    3.18939e+01    1.83190e+02
     Coulomb-14        LJ (SR)   Coulomb (SR)   Coul. recip. Position Rest.
    2.44798e+03    1.81623e+04   -1.40486e+05    3.84799e+02    4.62567e+01
      Potential    Kinetic En.   Total Energy  Conserved En.    Temperature
   -1.18450e+05    2.24777e+04   -9.59727e+04   -9.53274e+04    3.01152e+02
 Pressure (bar)   Constr. rmsd
    3.02474e+02    2.04098e-06

           Step           Time
         213500      427.00000

   Energies (kJ/mol)
           Bond          Angle    Proper Dih.  Improper Dih.          LJ-14
    1.23657e+02    2.60398e+02    3.91949e+02    2.50324e+01    1.75301e+02
     Coulomb-14        LJ (SR)   Coulomb (SR)   Coul. recip. Position Rest.
    2.46612e+03    1.79707e+04   -1.40152e+05    4.18227e+02    3.03117e+01
      Potential    Kinetic En.   Total Energy  Conserved En.    Temperature
   -1.18290e+05    2.21714e+04   -9.61186e+04   -9.53245e+04    2.97049e+02
 Pressure (bar)   Constr. rmsd
    5.79456e+00    2.20837e-06


DD  step 213999 load imb.: force  0.7%
           Step           Time
         214000      428.00000

   Energies (kJ/mol)
           Bond          Angle    Proper Dih.  Improper Dih.          LJ-14
    1.73014e+02    2.73921e+02    3.79556e+02    2.03661e+01    1.62815e+02
     Coulomb-14        LJ (SR)   Coulomb (SR)   Coul. recip. Position Rest.
    2.39783e+03    1.79024e+04   -1.40116e+05    4.31597e+02    5.14617e+01
      Potential    Kinetic En.   Total Energy  Conserved En.    Temperature
   -1.18323e+05    2.22106e+04   -9.61121e+04   -9.53211e+04    2.97573e+02
 Pressure (bar)   Constr. rmsd
   -1.02283e+01    1.58295e-06

           Step           Time
         214500      429.00000

   Energies (kJ/mol)
           Bond          Angle    Proper Dih.  Improper Dih.          LJ-14
    1.25531e+02    3.05524e+02    4.06559e+02    2.63299e+01    1.77390e+02
     Coulomb-14        LJ (SR)   Coulomb (SR)   Coul. recip. Position Rest.
    2.44224e+03    1.77044e+04   -1.39781e+05    4.16561e+02    4.60459e+01
      Potential    Kinetic En.   Total Energy  Conserved En.    Temperature
   -1.18130e+05    2.21520e+04   -9.59781e+04   -9.53237e+04    2.96788e+02
 Pressure (bar)   Constr. rmsd
   -5.01403e+01    1.20884e-06

           Step           Time
         215000      430.00000

   Energies (kJ/mol)
           Bond          Angle    Proper Dih.  Improper Dih.          LJ-14
    9.71848e+01    3.30263e+02    3.70233e+02    1.79103e+01    1.80228e+02
     Coulomb-14        LJ (SR)   Coulomb (SR)   Coul. recip. Position Rest.
    2.44402e+03    1.79246e+04   -1.40261e+05    4.13865e+02    3.72695e+01
      Potential    Kinetic En.   Total Energy  Conserved En.    Temperature
   -1.18445e+05    2.22199e+04   -9.62255e+04   -9.53242e+04    2.97699e+02
 Pressure (bar)   Constr. rmsd
    1.07772e+02    1.62883e-06

           Step           Time
         215500      431.00000

   Energies (kJ/mol)
           Bond          Angle    Proper Dih.  Improper Dih.          LJ-14
    1.22297e+02    3.23718e+02    3.71633e+02    1.08791e+01    1.76932e+02
     Coulomb-14        LJ (SR)   Coulomb (SR)   Coul. recip. Position Rest.
    2.36857e+03    1.84587e+04   -1.40856e+05    4.23609e+02    3.60915e+01
      Potential    Kinetic En.   Total Energy  Conserved En.    Temperature
   -1.18564e+05    2.26982e+04   -9.58658e+04   -9.53216e+04    3.04106e+02
 Pressure (bar)   Constr. rmsd
    3.73972e+02    2.02063e-06


DD  step 215999 load imb.: force  3.8%
           Step           Time
         216000      432.00000

   Energies (kJ/mol)
           Bond          Angle    Proper Dih.  Improper Dih.          LJ-14
    1.28578e+02    2.90483e+02    3.78204e+02    2.13550e+01    1.69615e+02
     Coulomb-14        LJ (SR)   Coulomb (SR)   Coul. recip. Position Rest.
    2.36959e+03    1.73554e+04   -1.39020e+05    4.07372e+02    4.24231e+01
      Potential    Kinetic En.   Total Energy  Conserved En.    Temperature
   -1.17857e+05    2.21916e+04   -9.56650e+04   -9.53203e+04    2.97319e+02
 Pressure (bar)   Constr. rmsd
   -2.20193e+02    1.81846e-06

           Step           Time
         216500      433.00000

   Energies (kJ/mol)
           Bond          Angle    Proper Dih.  Improper Dih.          LJ-14
    1.49879e+02    2.94647e+02    3.67842e+02    1.53979e+01    1.70227e+02
     Coulomb-14        LJ (SR)   Coulomb (SR)   Coul. recip. Position Rest.
    2.43304e+03    1.69921e+04   -1.38988e+05    3.98353e+02    3.85536e+01
      Potential    Kinetic En.   Total Energy  Conserved En.    Temperature
   -1.18128e+05    2.27786e+04   -9.53498e+04   -9.53251e+04    3.05184e+02
 Pressure (bar)   Constr. rmsd
   -5.07996e+02    2.17389e-06

           Step           Time
         217000      434.00000

   Energies (kJ/mol)
           Bond          Angle    Proper Dih.  Improper Dih.          LJ-14
    1.37898e+02    3.05348e+02    3.80726e+02    2.08118e+01    1.71337e+02
     Coulomb-14        LJ (SR)   Coulomb (SR)   Coul. recip. Position Rest.
    2.39626e+03    1.76567e+04   -1.39595e+05    3.96222e+02    3.98153e+01
      Potential    Kinetic En.   Total Energy  Conserved En.    Temperature
   -1.18090e+05    2.22894e+04   -9.58006e+04   -9.53134e+04    2.98630e+02
 Pressure (bar)   Constr. rmsd
    3.23787e+00    1.89216e-06

           Step           Time
         217500      435.00000

   Energies (kJ/mol)
           Bond          Angle    Proper Dih.  Improper Dih.          LJ-14
    1.03574e+02    3.02671e+02    3.68453e+02    1.02351e+01    1.89348e+02
     Coulomb-14        LJ (SR)   Coulomb (SR)   Coul. recip. Position Rest.
    2.40476e+03    1.72415e+04   -1.39340e+05    4.01480e+02    3.81741e+01
      Potential    Kinetic En.   Total Energy  Conserved En.    Temperature
   -1.18280e+05    2.22061e+04   -9.60738e+04   -9.53111e+04    2.97514e+02
 Pressure (bar)   Constr. rmsd
   -2.64923e+02    1.09157e-06


DD  step 217999 load imb.: force  1.8%
           Step           Time
         218000      436.00000

   Energies (kJ/mol)
           Bond          Angle    Proper Dih.  Improper Dih.          LJ-14
    1.26671e+02    2.70703e+02    3.58024e+02    1.12719e+01    1.76070e+02
     Coulomb-14        LJ (SR)   Coulomb (SR)   Coul. recip. Position Rest.
    2.46828e+03    1.78049e+04   -1.40156e+05    3.74171e+02    5.17128e+01
      Potential    Kinetic En.   Total Energy  Conserved En.    Temperature
   -1.18514e+05    2.25224e+04   -9.59918e+04   -9.53198e+04    3.01752e+02
 Pressure (bar)   Constr. rmsd
   -2.30266e+02    1.96285e-06

           Step           Time
         218500      437.00000

   Energies (kJ/mol)
           Bond          Angle    Proper Dih.  Improper Dih.          LJ-14
    1.50623e+02    3.09053e+02    3.67395e+02    1.53571e+01    1.76978e+02
     Coulomb-14        LJ (SR)   Coulomb (SR)   Coul. recip. Position Rest.
    2.42463e+03    1.87244e+04   -1.41119e+05    4.10110e+02    5.78508e+01
      Potential    Kinetic En.   Total Energy  Conserved En.    Temperature
   -1.18482e+05    2.22184e+04   -9.62640e+04   -9.53005e+04    2.97679e+02
 Pressure (bar)   Constr. rmsd
    5.83596e+02    2.59805e-06

           Step           Time
         219000      438.00000

   Energies (kJ/mol)
           Bond          Angle    Proper Dih.  Improper Dih.          LJ-14
    1.23344e+02    3.25477e+02    3.48655e+02    1.54405e+01    1.73987e+02
     Coulomb-14        LJ (SR)   Coulomb (SR)   Coul. recip. Position Rest.
    2.39567e+03    1.85061e+04   -1.41395e+05    4.22931e+02    6.36030e+01
      Potential    Kinetic En.   Total Energy  Conserved En.    Temperature
   -1.19020e+05    2.20161e+04   -9.70037e+04   -9.52993e+04    2.94968e+02
 Pressure (bar)   Constr. rmsd
    2.79020e+02    1.98037e-06

           Step           Time
         219500      439.00000

   Energies (kJ/mol)
           Bond          Angle    Proper Dih.  Improper Dih.          LJ-14
    1.28570e+02    2.91905e+02    3.63573e+02    1.45472e+01    1.79293e+02
     Coulomb-14        LJ (SR)   Coulomb (SR)   Coul. recip. Position Rest.
    2.42648e+03    1.72901e+04   -1.40161e+05    3.69998e+02    3.85184e+01
      Potential    Kinetic En.   Total Energy  Conserved En.    Temperature
   -1.19058e+05    2.20106e+04   -9.70472e+04   -9.53104e+04    2.94894e+02
 Pressure (bar)   Constr. rmsd
   -5.30943e+02    3.05417e-06


DD  step 219999 load imb.: force  1.6%
           Step           Time
         220000      440.00000

   Energies (kJ/mol)
           Bond          Angle    Proper Dih.  Improper Dih.          LJ-14
    1.49779e+02    2.59675e+02    3.76066e+02    1.79880e+01    1.69587e+02
     Coulomb-14        LJ (SR)   Coulomb (SR)   Coul. recip. Position Rest.
    2.44145e+03    1.83992e+04   -1.41085e+05    4.00430e+02    5.62195e+01
      Potential    Kinetic En.   Total Energy  Conserved En.    Temperature
   -1.18815e+05    2.20460e+04   -9.67685e+04   -9.52963e+04    2.95369e+02
 Pressure (bar)   Constr. rmsd
    1.84787e+02    2.38921e-06

           Step           Time
         220500      441.00000

   Energies (kJ/mol)
           Bond          Angle    Proper Dih.  Improper Dih.          LJ-14
    1.21202e+02    3.09952e+02    3.71664e+02    1.03579e+01    1.85997e+02
     Coulomb-14        LJ (SR)   Coulomb (SR)   Coul. recip. Position Rest.
    2.40261e+03    1.74703e+04   -1.40112e+05    4.00351e+02    7.07066e+01
      Potential    Kinetic En.   Total Energy  Conserved En.    Temperature
   -1.18769e+05    2.22773e+04   -9.64914e+04   -9.52962e+04    2.98468e+02
 Pressure (bar)   Constr. rmsd
   -2.44086e+02    1.61361e-06

           Step           Time
         221000      442.00000

   Energies (kJ/mol)
           Bond          Angle    Proper Dih.  Improper Dih.          LJ-14
    1.25815e+02    3.01606e+02    3.75250e+02    2.23256e+01    1.85087e+02
     Coulomb-14        LJ (SR)   Coulomb (SR)   Coul. recip. Position Rest.
    2.42827e+03    1.77977e+04   -1.40668e+05    4.16777e+02    3.85053e+01
      Potential    Kinetic En.   Total Energy  Conserved En.    Temperature
   -1.18977e+05    2.22637e+04   -9.67133e+04   -9.52984e+04    2.98286e+02
 Pressure (bar)   Constr. rmsd
   -1.58140e+02    1.39921e-06

           Step           Time
         221500      443.00000

   Energies (kJ/mol)
           Bond          Angle    Proper Dih.  Improper Dih.          LJ-14
    1.47163e+02    3.14997e+02    3.62803e+02    1.41641e+01    1.82590e+02
     Coulomb-14        LJ (SR)   Coulomb (SR)   Coul. recip. Position Rest.
    2.42559e+03    1.77985e+04   -1.40687e+05    4.08342e+02    4.61537e+01
      Potential    Kinetic En.   Total Energy  Conserved En.    Temperature
   -1.18987e+05    2.22238e+04   -9.67628e+04   -9.52983e+04    2.97751e+02
 Pressure (bar)   Constr. rmsd
   -2.49300e+02    1.35407e-06


DD  step 221999 load imb.: force  1.5%
           Step           Time
         222000      444.00000

   Energies (kJ/mol)
           Bond          Angle    Proper Dih.  Improper Dih.          LJ-14
    1.26911e+02    2.92870e+02    3.57595e+02    1.95506e+01    1.80515e+02
     Coulomb-14        LJ (SR)   Coulomb (SR)   Coul. recip. Position Rest.
    2.39234e+03    1.80510e+04   -1.40203e+05    4.19782e+02    3.92164e+01
      Potential    Kinetic En.   Total Energy  Conserved En.    Temperature
   -1.18323e+05    2.17763e+04   -9.65472e+04   -9.52909e+04    2.91755e+02
 Pressure (bar)   Constr. rmsd
    4.99679e+01    1.52952e-06

           Step           Time
         222500      445.00000

   Energies (kJ/mol)
           Bond          Angle    Proper Dih.  Improper Dih.          LJ-14
    1.13816e+02    2.71136e+02    3.45513e+02    1.26781e+01    1.80465e+02
     Coulomb-14        LJ (SR)   Coulomb (SR)   Coul. recip. Position Rest.
    2.45647e+03    1.81164e+04   -1.40667e+05    4.07974e+02    3.81750e+01
      Potential    Kinetic En.   Total Energy  Conserved En.    Temperature
   -1.18724e+05    2.24159e+04   -9.63081e+04   -9.53011e+04    3.00325e+02
 Pressure (bar)   Constr. rmsd
    2.52177e+02    2.14050e-06

           Step           Time
         223000      446.00000

   Energies (kJ/mol)
           Bond          Angle    Proper Dih.  Improper Dih.          LJ-14
    1.31637e+02    2.78714e+02    3.66077e+02    2.02089e+01    1.69611e+02
     Coulomb-14        LJ (SR)   Coulomb (SR)   Coul. recip. Position Rest.
    2.39955e+03    1.75506e+04   -1.39519e+05    4.47545e+02    4.12776e+01
      Potential    Kinetic En.   Total Energy  Conserved En.    Temperature
   -1.18114e+05    2.24132e+04   -9.57010e+04   -9.52990e+04    3.00288e+02
 Pressure (bar)   Constr. rmsd
    4.22133e-01    2.07087e-06

           Step           Time
         223500      447.00000

   Energies (kJ/mol)
           Bond          Angle    Proper Dih.  Improper Dih.          LJ-14
    1.28716e+02    3.13430e+02    3.53898e+02    1.71885e+01    1.67074e+02
     Coulomb-14        LJ (SR)   Coulomb (SR)   Coul. recip. Position Rest.
    2.44607e+03    1.79411e+04   -1.39899e+05    3.87433e+02    3.80806e+01
      Potential    Kinetic En.   Total Energy  Conserved En.    Temperature
   -1.18106e+05    2.22196e+04   -9.58863e+04   -9.52940e+04    2.97694e+02
 Pressure (bar)   Constr. rmsd
    2.70200e+01    2.68638e-06


DD  step 223999 load imb.: force  2.7%
           Step           Time
         224000      448.00000

   Energies (kJ/mol)
           Bond          Angle    Proper Dih.  Improper Dih.          LJ-14
    1.23595e+02    2.68550e+02    3.65832e+02    1.94900e+01    1.77138e+02
     Coulomb-14        LJ (SR)   Coulomb (SR)   Coul. recip. Position Rest.
    2.46975e+03    1.75192e+04   -1.39379e+05    4.54304e+02    5.54369e+01
      Potential    Kinetic En.   Total Energy  Conserved En.    Temperature
   -1.17926e+05    2.24823e+04   -9.54438e+04   -9.52939e+04    3.01214e+02
 Pressure (bar)   Constr. rmsd
   -1.54503e+02    2.01068e-06

           Step           Time
         224500      449.00000

   Energies (kJ/mol)
           Bond          Angle    Proper Dih.  Improper Dih.          LJ-14
    1.47655e+02    2.33932e+02    3.60116e+02    1.13395e+01    1.81375e+02
     Coulomb-14        LJ (SR)   Coulomb (SR)   Coul. recip. Position Rest.
    2.43880e+03    1.70833e+04   -1.38668e+05    3.98715e+02    5.02728e+01
      Potential    Kinetic En.   Total Energy  Conserved En.    Temperature
   -1.17763e+05    2.24175e+04   -9.53451e+04   -9.52921e+04    3.00346e+02
 Pressure (bar)   Constr. rmsd
   -6.01319e+02    2.69049e-06

           Step           Time
         225000      450.00000

   Energies (kJ/mol)
           Bond          Angle    Proper Dih.  Improper Dih.          LJ-14
    1.11587e+02    2.44375e+02    3.64251e+02    2.13038e+01    1.95784e+02
     Coulomb-14        LJ (SR)   Coulomb (SR)   Coul. recip. Position Rest.
    2.46562e+03    1.78676e+04   -1.39592e+05    4.17988e+02    4.80036e+01
      Potential    Kinetic En.   Total Energy  Conserved En.    Temperature
   -1.17856e+05    2.23609e+04   -9.54948e+04   -9.52959e+04    2.99588e+02
 Pressure (bar)   Constr. rmsd
    1.37336e+02    1.70716e-06

           Step           Time
         225500      451.00000

   Energies (kJ/mol)
           Bond          Angle    Proper Dih.  Improper Dih.          LJ-14
    1.01634e+02    2.90279e+02    3.59903e+02    1.75920e+01    1.88104e+02
     Coulomb-14        LJ (SR)   Coulomb (SR)   Coul. recip. Position Rest.
    2.43999e+03    1.76263e+04   -1.39568e+05    4.14940e+02    4.80389e+01
      Potential    Kinetic En.   Total Energy  Conserved En.    Temperature
   -1.18082e+05    2.20442e+04   -9.60374e+04   -9.52846e+04    2.95345e+02
 Pressure (bar)   Constr. rmsd
    5.09384e+01    2.36847e-06


DD  step 225999 load imb.: force  1.8%
           Step           Time
         226000      452.00000

   Energies (kJ/mol)
           Bond          Angle    Proper Dih.  Improper Dih.          LJ-14
    1.28653e+02    2.59212e+02    3.62285e+02    1.16921e+01    1.87496e+02
     Coulomb-14        LJ (SR)   Coulomb (SR)   Coul. recip. Position Rest.
    2.41991e+03    1.80283e+04   -1.39922e+05    4.35315e+02    3.76787e+01
      Potential    Kinetic En.   Total Energy  Conserved En.    Temperature
   -1.18051e+05    2.27055e+04   -9.53455e+04   -9.52871e+04    3.04205e+02
 Pressure (bar)   Constr. rmsd
    4.36483e+02    1.91225e-06

           Step           Time
         226500      453.00000

   Energies (kJ/mol)
           Bond          Angle    Proper Dih.  Improper Dih.          LJ-14
    1.18237e+02    2.69281e+02    3.55540e+02    1.45873e+01    1.89195e+02
     Coulomb-14        LJ (SR)   Coulomb (SR)   Coul. recip. Position Rest.
    2.46848e+03    1.78296e+04   -1.39902e+05    3.94121e+02    4.56395e+01
      Potential    Kinetic En.   Total Energy  Conserved En.    Temperature
   -1.18217e+05    2.24177e+04   -9.57996e+04   -9.52804e+04    3.00349e+02
 Pressure (bar)   Constr. rmsd
   -9.39421e+01    2.72388e-06

           Step           Time
         227000      454.00000

   Energies (kJ/mol)
           Bond          Angle    Proper Dih.  Improper Dih.          LJ-14
    1.42363e+02    3.01571e+02    3.72138e+02    2.81628e+01    1.80819e+02
     Coulomb-14        LJ (SR)   Coulomb (SR)   Coul. recip. Position Rest.
    2.40550e+03    1.84185e+04   -1.40384e+05    3.93422e+02    3.76135e+01
      Potential    Kinetic En.   Total Energy  Conserved En.    Temperature
   -1.18104e+05    2.22151e+04   -9.58884e+04   -9.52778e+04    2.97634e+02
 Pressure (bar)   Constr. rmsd
    2.37735e+02    1.72607e-06

           Step           Time
         227500      455.00000

   Energies (kJ/mol)
           Bond          Angle    Proper Dih.  Improper Dih.          LJ-14
    1.43004e+02    3.07843e+02    3.73775e+02    1.79986e+01    1.71118e+02
     Coulomb-14        LJ (SR)   Coulomb (SR)   Coul. recip. Position Rest.
    2.41302e+03    1.79742e+04   -1.40086e+05    3.80552e+02    4.67312e+01
      Potential    Kinetic En.   Total Energy  Conserved En.    Temperature
   -1.18258e+05    2.25428e+04   -9.57147e+04   -9.52852e+04    3.02025e+02
 Pressure (bar)   Constr. rmsd
   -1.08069e+02    2.44620e-06


DD  step 227999 load imb.: force  2.4%
           Step           Time
         228000      456.00000

   Energies (kJ/mol)
           Bond          Angle    Proper Dih.  Improper Dih.          LJ-14
    1.56836e+02    2.69461e+02    3.65197e+02    1.83906e+01    1.70313e+02
     Coulomb-14        LJ (SR)   Coulomb (SR)   Coul. recip. Position Rest.
    2.42523e+03    1.78829e+04   -1.40103e+05    4.07250e+02    5.34729e+01
      Potential    Kinetic En.   Total Energy  Conserved En.    Temperature
   -1.18354e+05    2.27271e+04   -9.56265e+04   -9.52774e+04    3.04493e+02
 Pressure (bar)   Constr. rmsd
   -5.79291e+01    2.25149e-06

           Step           Time
         228500      457.00000

   Energies (kJ/mol)
           Bond          Angle    Proper Dih.  Improper Dih.          LJ-14
    9.99173e+01    3.17257e+02    3.75955e+02    2.47766e+01    1.82377e+02
     Coulomb-14        LJ (SR)   Coulomb (SR)   Coul. recip. Position Rest.
    2.41107e+03    1.76252e+04   -1.39710e+05    4.16683e+02    4.49162e+01
      Potential    Kinetic En.   Total Energy  Conserved En.    Temperature
   -1.18212e+05    2.22930e+04   -9.59188e+04   -9.52739e+04    2.98678e+02
 Pressure (bar)   Constr. rmsd
   -1.92204e+02    2.16430e-06

           Step           Time
         229000      458.00000

   Energies (kJ/mol)
           Bond          Angle    Proper Dih.  Improper Dih.          LJ-14
    1.43120e+02    2.69649e+02    3.87317e+02    1.88664e+01    1.78746e+02
     Coulomb-14        LJ (SR)   Coulomb (SR)   Coul. recip. Position Rest.
    2.40385e+03    1.79471e+04   -1.40143e+05    4.34488e+02    3.61410e+01
      Potential    Kinetic En.   Total Energy  Conserved En.    Temperature
   -1.18324e+05    2.29233e+04   -9.54007e+04   -9.52743e+04    3.07123e+02
 Pressure (bar)   Constr. rmsd
    4.89666e+01    1.46004e-06

           Step           Time
         229500      459.00000

   Energies (kJ/mol)
           Bond          Angle    Proper Dih.  Improper Dih.          LJ-14
    1.43246e+02    3.16797e+02    3.73194e+02    1.49001e+01    2.01369e+02
     Coulomb-14        LJ (SR)   Coulomb (SR)   Coul. recip. Position Rest.
    2.39002e+03    1.80605e+04   -1.39865e+05    4.08902e+02    5.86732e+01
      Potential    Kinetic En.   Total Energy  Conserved En.    Temperature
   -1.17897e+05    2.20961e+04   -9.58013e+04   -9.52624e+04    2.96040e+02
 Pressure (bar)   Constr. rmsd
    2.05723e+02    1.15160e-06


DD  step 229999 load imb.: force  1.6%
           Step           Time
         230000      460.00000

   Energies (kJ/mol)
           Bond          Angle    Proper Dih.  Improper Dih.          LJ-14
    1.29222e+02    2.91669e+02    3.76045e+02    1.95603e+01    1.76316e+02
     Coulomb-14        LJ (SR)   Coulomb (SR)   Coul. recip. Position Rest.
    2.46786e+03    1.83721e+04   -1.40434e+05    3.86902e+02    5.74287e+01
      Potential    Kinetic En.   Total Energy  Conserved En.    Temperature
   -1.18157e+05    2.25968e+04   -9.55599e+04   -9.52677e+04    3.02748e+02
 Pressure (bar)   Constr. rmsd
    3.01305e+02    1.91466e-06

           Step           Time
         230500      461.00000

   Energies (kJ/mol)
           Bond          Angle    Proper Dih.  Improper Dih.          LJ-14
    1.25234e+02    3.14214e+02    3.58746e+02    1.47870e+01    1.82399e+02
     Coulomb-14        LJ (SR)   Coulomb (SR)   Coul. recip. Position Rest.
    2.46243e+03    1.76653e+04   -1.39860e+05    4.41511e+02    6.70206e+01
      Potential    Kinetic En.   Total Energy  Conserved En.    Temperature
   -1.18229e+05    2.21663e+04   -9.60626e+04   -9.52638e+04    2.96981e+02
 Pressure (bar)   Constr. rmsd
   -7.03917e+01    2.94176e-06

           Step           Time
         231000      462.00000

   Energies (kJ/mol)
           Bond          Angle    Proper Dih.  Improper Dih.          LJ-14
    1.17171e+02    2.66463e+02    3.60986e+02    2.32443e+01    1.94301e+02
     Coulomb-14        LJ (SR)   Coulomb (SR)   Coul. recip. Position Rest.
    2.42916e+03    1.80324e+04   -1.40058e+05    4.05115e+02    4.92136e+01
      Potential    Kinetic En.   Total Energy  Conserved En.    Temperature
   -1.18180e+05    2.20480e+04   -9.61318e+04   -9.52649e+04    2.95395e+02
 Pressure (bar)   Constr. rmsd
    2.48001e+02    1.51189e-06

           Step           Time
         231500      463.00000

   Energies (kJ/mol)
           Bond          Angle    Proper Dih.  Improper Dih.          LJ-14
    1.56651e+02    3.05150e+02    3.47106e+02    2.32786e+01    1.77128e+02
     Coulomb-14        LJ (SR)   Coulomb (SR)   Coul. recip. Position Rest.
    2.40415e+03    1.77757e+04   -1.40422e+05    4.10326e+02    5.99685e+01
      Potential    Kinetic En.   Total Energy  Conserved En.    Temperature
   -1.18763e+05    2.22347e+04   -9.65284e+04   -9.52580e+04    2.97896e+02
 Pressure (bar)   Constr. rmsd
   -2.90291e+02    1.73396e-06


DD  step 231999 load imb.: force  3.5%
           Step           Time
         232000      464.00000

   Energies (kJ/mol)
           Bond          Angle    Proper Dih.  Improper Dih.          LJ-14
    1.19774e+02    2.43025e+02    3.48134e+02    8.67756e+00    1.86142e+02
     Coulomb-14        LJ (SR)   Coulomb (SR)   Coul. recip. Position Rest.
    2.45595e+03    1.76347e+04   -1.40175e+05    4.24311e+02    3.31087e+01
      Potential    Kinetic En.   Total Energy  Conserved En.    Temperature
   -1.18721e+05    2.21807e+04   -9.65408e+04   -9.52723e+04    2.97173e+02
 Pressure (bar)   Constr. rmsd
   -2.57416e+02    1.84412e-06

           Step           Time
         232500      465.00000

   Energies (kJ/mol)
           Bond          Angle    Proper Dih.  Improper Dih.          LJ-14
    1.37060e+02    2.90532e+02    3.55169e+02    1.60155e+01    1.77912e+02
     Coulomb-14        LJ (SR)   Coulomb (SR)   Coul. recip. Position Rest.
    2.44939e+03    1.80926e+04   -1.40623e+05    3.95252e+02    4.50816e+01
      Potential    Kinetic En.   Total Energy  Conserved En.    Temperature
   -1.18664e+05    2.25793e+04   -9.60849e+04   -9.52610e+04    3.02514e+02
 Pressure (bar)   Constr. rmsd
    1.70712e+02    1.62958e-06

           Step           Time
         233000      466.00000

   Energies (kJ/mol)
           Bond          Angle    Proper Dih.  Improper Dih.          LJ-14
    1.22369e+02    3.31587e+02    3.62382e+02    1.40659e+01    1.71955e+02
     Coulomb-14        LJ (SR)   Coulomb (SR)   Coul. recip. Position Rest.
    2.39819e+03    1.79895e+04   -1.40112e+05    3.87320e+02    5.13257e+01
      Potential    Kinetic En.   Total Energy  Conserved En.    Temperature
   -1.18283e+05    2.25400e+04   -9.57434e+04   -9.52499e+04    3.01988e+02
 Pressure (bar)   Constr. rmsd
    7.60998e+01    1.13960e-06

           Step           Time
         233500      467.00000

   Energies (kJ/mol)
           Bond          Angle    Proper Dih.  Improper Dih.          LJ-14
    1.53016e+02    2.85910e+02    3.59618e+02    1.55503e+01    1.72266e+02
     Coulomb-14        LJ (SR)   Coulomb (SR)   Coul. recip. Position Rest.
    2.41249e+03    1.79383e+04   -1.39977e+05    4.32093e+02    5.70839e+01
      Potential    Kinetic En.   Total Energy  Conserved En.    Temperature
   -1.18151e+05    2.21308e+04   -9.60204e+04   -9.52554e+04    2.96504e+02
 Pressure (bar)   Constr. rmsd
    7.21527e+01    1.62547e-06


DD  step 233999 load imb.: force  1.1%
           Step           Time
         234000      468.00000

   Energies (kJ/mol)
           Bond          Angle    Proper Dih.  Improper Dih.          LJ-14
    1.47736e+02    2.86012e+02    3.66363e+02    2.40877e+01    1.82733e+02
     Coulomb-14        LJ (SR)   Coulomb (SR)   Coul. recip. Position Rest.
    2.45947e+03    1.77975e+04   -1.39800e+05    4.48795e+02    5.93217e+01
      Potential    Kinetic En.   Total Energy  Conserved En.    Temperature
   -1.18028e+05    2.20222e+04   -9.60056e+04   -9.52514e+04    2.95050e+02
 Pressure (bar)   Constr. rmsd
    5.81972e+01    2.38159e-06

           Step           Time
         234500      469.00000

   Energies (kJ/mol)
           Bond          Angle    Proper Dih.  Improper Dih.          LJ-14
    8.75872e+01    2.91992e+02    3.81086e+02    1.96328e+01    2.03072e+02
     Coulomb-14        LJ (SR)   Coulomb (SR)   Coul. recip. Position Rest.
    2.46482e+03    1.84978e+04   -1.40739e+05    4.06943e+02    5.00858e+01
      Potential    Kinetic En.   Total Energy  Conserved En.    Temperature
   -1.18336e+05    2.24767e+04   -9.58595e+04   -9.52602e+04    3.01140e+02
 Pressure (bar)   Constr. rmsd
    4.84027e+02    1.84095e-06

           Step           Time
         235000      470.00000

   Energies (kJ/mol)
           Bond          Angle    Proper Dih.  Improper Dih.          LJ-14
    1.67987e+02    2.86925e+02    3.65800e+02    1.23656e+01    1.92424e+02
     Coulomb-14        LJ (SR)   Coulomb (SR)   Coul. recip. Position Rest.
    2.44625e+03    1.76276e+04   -1.39869e+05    3.99786e+02    3.45256e+01
      Potential    Kinetic En.   Total Energy  Conserved En.    Temperature
   -1.18335e+05    2.23922e+04   -9.59432e+04   -9.52489e+04    3.00007e+02
 Pressure (bar)   Constr. rmsd
   -9.91042e+01    1.41864e-06

           Step           Time
         235500      471.00000

   Energies (kJ/mol)
           Bond          Angle    Proper Dih.  Improper Dih.          LJ-14
    1.31879e+02    3.01561e+02    3.80080e+02    1.72246e+01    1.71934e+02
     Coulomb-14        LJ (SR)   Coulomb (SR)   Coul. recip. Position Rest.
    2.40683e+03    1.79197e+04   -1.39404e+05    4.26462e+02    5.14562e+01
      Potential    Kinetic En.   Total Energy  Conserved En.    Temperature
   -1.17597e+05    2.20811e+04   -9.55161e+04   -9.52455e+04    2.95839e+02
 Pressure (bar)   Constr. rmsd
    1.67146e+02    2.47789e-06


DD  step 235999 load imb.: force  1.8%
           Step           Time
         236000      472.00000

   Energies (kJ/mol)
           Bond          Angle    Proper Dih.  Improper Dih.          LJ-14
    1.37901e+02    2.71150e+02    3.77586e+02    2.39619e+01    1.75497e+02
     Coulomb-14        LJ (SR)   Coulomb (SR)   Coul. recip. Position Rest.
    2.41312e+03    1.78201e+04   -1.39871e+05    4.05911e+02    5.38784e+01
      Potential    Kinetic En.   Total Energy  Conserved En.    Temperature
   -1.18192e+05    2.26793e+04   -9.55129e+04   -9.52601e+04    3.03853e+02
 Pressure (bar)   Constr. rmsd
   -2.29132e+01    3.67447e-06

           Step           Time
         236500      473.00000

   Energies (kJ/mol)
           Bond          Angle    Proper Dih.  Improper Dih.          LJ-14
    1.42970e+02    3.26088e+02    3.54324e+02    2.05251e+01    1.70459e+02
     Coulomb-14        LJ (SR)   Coulomb (SR)   Coul. recip. Position Rest.
    2.39565e+03    1.75113e+04   -1.39210e+05    3.92428e+02    4.10084e+01
      Potential    Kinetic En.   Total Energy  Conserved En.    Temperature
   -1.17855e+05    2.21844e+04   -9.56706e+04   -9.52414e+04    2.97223e+02
 Pressure (bar)   Constr. rmsd
   -2.97837e+02    1.65655e-06

           Step           Time
         237000      474.00000

   Energies (kJ/mol)
           Bond          Angle    Proper Dih.  Improper Dih.          LJ-14
    1.07408e+02    3.21000e+02    3.70686e+02    1.98398e+01    1.73932e+02
     Coulomb-14        LJ (SR)   Coulomb (SR)   Coul. recip. Position Rest.
    2.40313e+03    1.76872e+04   -1.39666e+05    3.95833e+02    7.20558e+01
      Potential    Kinetic En.   Total Energy  Conserved En.    Temperature
   -1.18115e+05    2.21890e+04   -9.59259e+04   -9.52485e+04    2.97284e+02
 Pressure (bar)   Constr. rmsd
   -2.90548e+02    2.56120e-06

           Step           Time
         237500      475.00000

   Energies (kJ/mol)
           Bond          Angle    Proper Dih.  Improper Dih.          LJ-14
    1.22641e+02    3.11030e+02    3.64599e+02    2.85767e+01    1.73565e+02
     Coulomb-14        LJ (SR)   Coulomb (SR)   Coul. recip. Position Rest.
    2.41267e+03    1.79546e+04   -1.40089e+05    3.92174e+02    5.12121e+01
      Potential    Kinetic En.   Total Energy  Conserved En.    Temperature
   -1.18278e+05    2.21700e+04   -9.61075e+04   -9.52396e+04    2.97030e+02
 Pressure (bar)   Constr. rmsd
    5.24148e+01    1.32430e-06


DD  step 237999 load imb.: force  2.3%
           Step           Time
         238000      476.00000

   Energies (kJ/mol)
           Bond          Angle    Proper Dih.  Improper Dih.          LJ-14
    1.16651e+02    3.00295e+02    3.69345e+02    1.70838e+01    1.81940e+02
     Coulomb-14        LJ (SR)   Coulomb (SR)   Coul. recip. Position Rest.
    2.40601e+03    1.79011e+04   -1.40057e+05    3.86719e+02    4.10815e+01
      Potential    Kinetic En.   Total Energy  Conserved En.    Temperature
   -1.18336e+05    2.25574e+04   -9.57791e+04   -9.52407e+04    3.02220e+02
 Pressure (bar)   Constr. rmsd
    1.67915e+02    1.49548e-06

           Step           Time
         238500      477.00000

   Energies (kJ/mol)
           Bond          Angle    Proper Dih.  Improper Dih.          LJ-14
    1.08058e+02    2.70666e+02    3.98850e+02    2.25204e+01    1.73911e+02
     Coulomb-14        LJ (SR)   Coulomb (SR)   Coul. recip. Position Rest.
    2.42033e+03    1.82364e+04   -1.40977e+05    4.02036e+02    7.35748e+01
      Potential    Kinetic En.   Total Energy  Conserved En.    Temperature
   -1.18871e+05    2.27199e+04   -9.61512e+04   -9.52459e+04    3.04397e+02
 Pressure (bar)   Constr. rmsd
    1.90475e+02    2.77215e-06

           Step           Time
         239000      478.00000

   Energies (kJ/mol)
           Bond          Angle    Proper Dih.  Improper Dih.          LJ-14
    1.45192e+02    3.40208e+02    3.65646e+02    2.24512e+01    1.72839e+02
     Coulomb-14        LJ (SR)   Coulomb (SR)   Coul. recip. Position Rest.
    2.39178e+03    1.78529e+04   -1.39976e+05    3.92388e+02    5.37354e+01
      Potential    Kinetic En.   Total Energy  Conserved En.    Temperature
   -1.18239e+05    2.22392e+04   -9.59996e+04   -9.52411e+04    2.97958e+02
 Pressure (bar)   Constr. rmsd
   -1.46385e+02    3.29655e-06

           Step           Time
         239500      479.00000

   Energies (kJ/mol)
           Bond          Angle    Proper Dih.  Improper Dih.          LJ-14
    1.29206e+02    2.76514e+02    3.56610e+02    1.71202e+01    1.88892e+02
     Coulomb-14        LJ (SR)   Coulomb (SR)   Coul. recip. Position Rest.
    2.45504e+03    1.80802e+04   -1.40309e+05    4.33755e+02    4.62922e+01
      Potential    Kinetic En.   Total Energy  Conserved En.    Temperature
   -1.18325e+05    2.21127e+04   -9.62125e+04   -9.52393e+04    2.96263e+02
 Pressure (bar)   Constr. rmsd
    1.15748e+02    3.39686e-06


DD  step 239999 load imb.: force  2.3%
           Step           Time
         240000      480.00000

   Energies (kJ/mol)
           Bond          Angle    Proper Dih.  Improper Dih.          LJ-14
    1.64628e+02    2.88892e+02    3.94714e+02    1.29433e+01    1.80778e+02
     Coulomb-14        LJ (SR)   Coulomb (SR)   Coul. recip. Position Rest.
    2.41179e+03    1.80491e+04   -1.40382e+05    4.14602e+02    4.25427e+01
      Potential    Kinetic En.   Total Energy  Conserved En.    Temperature
   -1.18422e+05    2.23976e+04   -9.60244e+04   -9.52331e+04    3.00079e+02
 Pressure (bar)   Constr. rmsd
    1.07611e+02    2.08747e-06

           Step           Time
         240500      481.00000

   Energies (kJ/mol)
           Bond          Angle    Proper Dih.  Improper Dih.          LJ-14
    1.36067e+02    2.80840e+02    3.63448e+02    1.63484e+01    1.81422e+02
     Coulomb-14        LJ (SR)   Coulomb (SR)   Coul. recip. Position Rest.
    2.41272e+03    1.73871e+04   -1.39309e+05    4.29456e+02    4.72245e+01
      Potential    Kinetic En.   Total Energy  Conserved En.    Temperature
   -1.18054e+05    2.23165e+04   -9.57375e+04   -9.52358e+04    2.98993e+02
 Pressure (bar)   Constr. rmsd
   -2.90731e+02    2.13867e-06

           Step           Time
         241000      482.00000

   Energies (kJ/mol)
           Bond          Angle    Proper Dih.  Improper Dih.          LJ-14
    1.67705e+02    2.88523e+02    3.88941e+02    2.72294e+01    1.57572e+02
     Coulomb-14        LJ (SR)   Coulomb (SR)   Coul. recip. Position Rest.
    2.43251e+03    1.75586e+04   -1.39725e+05    4.05505e+02    4.63975e+01
      Potential    Kinetic En.   Total Energy  Conserved En.    Temperature
   -1.18252e+05    2.22204e+04   -9.60316e+04   -9.52345e+04    2.97705e+02
 Pressure (bar)   Constr. rmsd
   -4.89967e+02    1.42736e-06

           Step           Time
         241500      483.00000

   Energies (kJ/mol)
           Bond          Angle    Proper Dih.  Improper Dih.          LJ-14
    1.57608e+02    2.56657e+02    3.65277e+02    1.90343e+01    1.70780e+02
     Coulomb-14        LJ (SR)   Coulomb (SR)   Coul. recip. Position Rest.
    2.43621e+03    1.74794e+04   -1.39881e+05    4.04436e+02    2.74852e+01
      Potential    Kinetic En.   Total Energy  Conserved En.    Temperature
   -1.18564e+05    2.22634e+04   -9.63004e+04   -9.52308e+04    2.98282e+02
 Pressure (bar)   Constr. rmsd
   -4.35265e+02    2.64046e-06


DD  step 241999 load imb.: force  1.8%
           Step           Time
         242000      484.00000

   Energies (kJ/mol)
           Bond          Angle    Proper Dih.  Improper Dih.          LJ-14
    1.13559e+02    3.11900e+02    3.60882e+02    1.39467e+01    1.86735e+02
     Coulomb-14        LJ (SR)   Coulomb (SR)   Coul. recip. Position Rest.
    2.43898e+03    1.77218e+04   -1.40070e+05    4.03810e+02    3.60460e+01
      Potential    Kinetic En.   Total Energy  Conserved En.    Temperature
   -1.18482e+05    2.22844e+04   -9.61978e+04   -9.52379e+04    2.98563e+02
 Pressure (bar)   Constr. rmsd
   -9.47054e+01    2.43469e-06

           Step           Time
         242500      485.00000

   Energies (kJ/mol)
           Bond          Angle    Proper Dih.  Improper Dih.          LJ-14
    1.47633e+02    3.33781e+02    3.47739e+02    1.78433e+01    1.57323e+02
     Coulomb-14        LJ (SR)   Coulomb (SR)   Coul. recip. Position Rest.
    2.39153e+03    1.79896e+04   -1.40252e+05    3.92507e+02    4.20432e+01
      Potential    Kinetic En.   Total Energy  Conserved En.    Temperature
   -1.18432e+05    2.24833e+04   -9.59492e+04   -9.52331e+04    3.01227e+02
 Pressure (bar)   Constr. rmsd
   -1.57382e+02    1.75390e-06

           Step           Time
         243000      486.00000

   Energies (kJ/mol)
           Bond          Angle    Proper Dih.  Improper Dih.          LJ-14
    1.42111e+02    2.86470e+02    3.49093e+02    2.34657e+01    1.98253e+02
     Coulomb-14        LJ (SR)   Coulomb (SR)   Coul. recip. Position Rest.
    2.41482e+03    1.77830e+04   -1.39785e+05    4.31043e+02    4.13933e+01
      Potential    Kinetic En.   Total Energy  Conserved En.    Temperature
   -1.18116e+05    2.22812e+04   -9.58346e+04   -9.52218e+04    2.98519e+02
 Pressure (bar)   Constr. rmsd
    1.33177e+02    2.17658e-06

           Step           Time
         243500      487.00000

   Energies (kJ/mol)
           Bond          Angle    Proper Dih.  Improper Dih.          LJ-14
    1.42244e+02    2.71474e+02    4.00686e+02    1.76061e+01    1.70635e+02
     Coulomb-14        LJ (SR)   Coulomb (SR)   Coul. recip. Position Rest.
    2.43210e+03    1.78726e+04   -1.40146e+05    4.22678e+02    4.29148e+01
      Potential    Kinetic En.   Total Energy  Conserved En.    Temperature
   -1.18373e+05    2.23022e+04   -9.60705e+04   -9.52266e+04    2.98802e+02
 Pressure (bar)   Constr. rmsd
   -1.33516e+01    1.75634e-06


DD  step 243999 load imb.: force  1.5%
           Step           Time
         244000      488.00000

   Energies (kJ/mol)
           Bond          Angle    Proper Dih.  Improper Dih.          LJ-14
    1.35613e+02    2.67581e+02    3.44519e+02    2.08831e+01    1.83000e+02
     Coulomb-14        LJ (SR)   Coulomb (SR)   Coul. recip. Position Rest.
    2.50242e+03    1.80686e+04   -1.40162e+05    4.15908e+02    4.58443e+01
      Potential    Kinetic En.   Total Energy  Conserved En.    Temperature
   -1.18177e+05    2.20649e+04   -9.61126e+04   -9.52254e+04    2.95622e+02
 Pressure (bar)   Constr. rmsd
    1.53431e+02    1.41672e-06

           Step           Time
         244500      489.00000

   Energies (kJ/mol)
           Bond          Angle    Proper Dih.  Improper Dih.          LJ-14
    1.58442e+02    3.11610e+02    3.53782e+02    2.03975e+01    1.65309e+02
     Coulomb-14        LJ (SR)   Coulomb (SR)   Coul. recip. Position Rest.
    2.41913e+03    1.84142e+04   -1.39829e+05    4.33980e+02    3.42642e+01
      Potential    Kinetic En.   Total Energy  Conserved En.    Temperature
   -1.17518e+05    2.20495e+04   -9.54683e+04   -9.52184e+04    2.95416e+02
 Pressure (bar)   Constr. rmsd
    3.76863e+02    1.76916e-06

           Step           Time
         245000      490.00000

   Energies (kJ/mol)
           Bond          Angle    Proper Dih.  Improper Dih.          LJ-14
    1.47576e+02    2.54603e+02    3.59838e+02    2.41068e+01    1.70723e+02
     Coulomb-14        LJ (SR)   Coulomb (SR)   Coul. recip. Position Rest.
    2.41629e+03    1.77861e+04   -1.39452e+05    4.07646e+02    5.19774e+01
      Potential    Kinetic En.   Total Energy  Conserved En.    Temperature
   -1.17833e+05    2.23616e+04   -9.54714e+04   -9.52256e+04    2.99597e+02
 Pressure (bar)   Constr. rmsd
   -6.85979e+01    3.02905e-06

           Step           Time
         245500      491.00000

   Energies (kJ/mol)
           Bond          Angle    Proper Dih.  Improper Dih.          LJ-14
    1.13979e+02    2.80902e+02    3.62231e+02    9.94346e+00    1.68350e+02
     Coulomb-14        LJ (SR)   Coulomb (SR)   Coul. recip. Position Rest.
    2.43682e+03    1.71592e+04   -1.38855e+05    4.16896e+02    4.19445e+01
      Potential    Kinetic En.   Total Energy  Conserved En.    Temperature
   -1.17864e+05    2.23160e+04   -9.55485e+04   -9.52268e+04    2.98986e+02
 Pressure (bar)   Constr. rmsd
   -4.03630e+02    2.00602e-06


DD  step 245999 load imb.: force  1.5%
           Step           Time
         246000      492.00000

   Energies (kJ/mol)
           Bond          Angle    Proper Dih.  Improper Dih.          LJ-14
    1.38003e+02    2.57339e+02    3.53116e+02    2.17997e+01    1.79739e+02
     Coulomb-14        LJ (SR)   Coulomb (SR)   Coul. recip. Position Rest.
    2.42359e+03    1.79607e+04   -1.40143e+05    4.12476e+02    5.39382e+01
      Potential    Kinetic En.   Total Energy  Conserved En.    Temperature
   -1.18342e+05    2.25002e+04   -9.58422e+04   -9.52260e+04    3.01454e+02
 Pressure (bar)   Constr. rmsd
    6.30075e+01    2.11470e-06

           Step           Time
         246500      493.00000

   Energies (kJ/mol)
           Bond          Angle    Proper Dih.  Improper Dih.          LJ-14
    1.46367e+02    3.08081e+02    3.68309e+02    1.97821e+01    1.77302e+02
     Coulomb-14        LJ (SR)   Coulomb (SR)   Coul. recip. Position Rest.
    2.41803e+03    1.79115e+04   -1.39830e+05    4.19495e+02    4.35181e+01
      Potential    Kinetic En.   Total Energy  Conserved En.    Temperature
   -1.18018e+05    2.21939e+04   -9.58241e+04   -9.52184e+04    2.97350e+02
 Pressure (bar)   Constr. rmsd
    3.08903e+02    1.25742e-06

           Step           Time
         247000      494.00000

   Energies (kJ/mol)
           Bond          Angle    Proper Dih.  Improper Dih.          LJ-14
    1.51265e+02    2.56718e+02    3.85168e+02    2.58647e+01    1.77428e+02
     Coulomb-14        LJ (SR)   Coulomb (SR)   Coul. recip. Position Rest.
    2.48651e+03    1.79320e+04   -1.40020e+05    3.90465e+02    4.03544e+01
      Potential    Kinetic En.   Total Energy  Conserved En.    Temperature
   -1.18174e+05    2.20194e+04   -9.61550e+04   -9.52142e+04    2.95012e+02
 Pressure (bar)   Constr. rmsd
    5.77938e+01    2.12001e-06

           Step           Time
         247500      495.00000

   Energies (kJ/mol)
           Bond          Angle    Proper Dih.  Improper Dih.          LJ-14
    1.07126e+02    2.83784e+02    3.74936e+02    1.44456e+01    1.76983e+02
     Coulomb-14        LJ (SR)   Coulomb (SR)   Coul. recip. Position Rest.
    2.42913e+03    1.85363e+04   -1.40884e+05    3.89430e+02    4.81504e+01
      Potential    Kinetic En.   Total Energy  Conserved En.    Temperature
   -1.18523e+05    2.22612e+04   -9.62621e+04   -9.52182e+04    2.98251e+02
 Pressure (bar)   Constr. rmsd
    3.97490e+02    4.31074e-06


DD  step 247999 load imb.: force  2.8%
           Step           Time
         248000      496.00000

   Energies (kJ/mol)
           Bond          Angle    Proper Dih.  Improper Dih.          LJ-14
    1.36424e+02    2.94539e+02    3.87651e+02    3.48967e+01    1.80841e+02
     Coulomb-14        LJ (SR)   Coulomb (SR)   Coul. recip. Position Rest.
    2.40154e+03    1.79502e+04   -1.40541e+05    3.82342e+02    4.33887e+01
      Potential    Kinetic En.   Total Energy  Conserved En.    Temperature
   -1.18729e+05    2.22738e+04   -9.64550e+04   -9.52158e+04    2.98420e+02
 Pressure (bar)   Constr. rmsd
   -1.42274e+02    2.11279e-06

           Step           Time
         248500      497.00000

   Energies (kJ/mol)
           Bond          Angle    Proper Dih.  Improper Dih.          LJ-14
    1.20643e+02    2.80507e+02    3.81259e+02    1.14560e+01    1.80936e+02
     Coulomb-14        LJ (SR)   Coulomb (SR)   Coul. recip. Position Rest.
    2.41384e+03    1.76081e+04   -1.40124e+05    3.70694e+02    3.83926e+01
      Potential    Kinetic En.   Total Energy  Conserved En.    Temperature
   -1.18718e+05    2.19477e+04   -9.67706e+04   -9.52182e+04    2.94052e+02
 Pressure (bar)   Constr. rmsd
   -3.28818e+02    2.03084e-06

           Step           Time
         249000      498.00000

   Energies (kJ/mol)
           Bond          Angle    Proper Dih.  Improper Dih.          LJ-14
    1.34778e+02    2.65807e+02    3.78752e+02    1.19353e+01    1.74025e+02
     Coulomb-14        LJ (SR)   Coulomb (SR)   Coul. recip. Position Rest.
    2.43104e+03    1.77772e+04   -1.39883e+05    4.00833e+02    3.14973e+01
      Potential    Kinetic En.   Total Energy  Conserved En.    Temperature
   -1.18278e+05    2.23862e+04   -9.58913e+04   -9.52178e+04    2.99926e+02
 Pressure (bar)   Constr. rmsd
   -9.91242e+01    2.13200e-06

           Step           Time
         249500      499.00000

   Energies (kJ/mol)
           Bond          Angle    Proper Dih.  Improper Dih.          LJ-14
    1.24427e+02    2.78706e+02    3.72569e+02    2.31553e+01    1.76624e+02
     Coulomb-14        LJ (SR)   Coulomb (SR)   Coul. recip. Position Rest.
    2.44965e+03    1.72047e+04   -1.39431e+05    3.91922e+02    5.17074e+01
      Potential    Kinetic En.   Total Energy  Conserved En.    Temperature
   -1.18357e+05    2.24630e+04   -9.58944e+04   -9.52134e+04    3.00956e+02
 Pressure (bar)   Constr. rmsd
   -5.81315e+02    1.88306e-06


DD  step 249999 load imb.: force  2.0%
           Step           Time
         250000      500.00000

Writing checkpoint, step 250000 at Fri May 15 10:52:18 2026


   Energies (kJ/mol)
           Bond          Angle    Proper Dih.  Improper Dih.          LJ-14
    8.49966e+01    3.27221e+02    3.56450e+02    1.83333e+01    1.79560e+02
     Coulomb-14        LJ (SR)   Coulomb (SR)   Coul. recip. Position Rest.
    2.41692e+03    1.77836e+04   -1.40177e+05    4.17921e+02    4.10133e+01
      Potential    Kinetic En.   Total Energy  Conserved En.    Temperature
   -1.18551e+05    2.25526e+04   -9.59983e+04   -9.52136e+04    3.02156e+02
 Pressure (bar)   Constr. rmsd
   -1.08967e+02    1.69841e-06

	<======  ###############  ==>
	<====  A V E R A G E S  ====>
	<==  ###############  ======>

	Statistics over 250001 steps using 2501 frames

   Energies (kJ/mol)
           Bond          Angle    Proper Dih.  Improper Dih.          LJ-14
    1.34556e+02    2.95853e+02    3.71271e+02    1.86885e+01    1.78115e+02
     Coulomb-14        LJ (SR)   Coulomb (SR)   Coul. recip. Position Rest.
    2.42747e+03    1.78786e+04   -1.40071e+05    4.06129e+02    4.61019e+01
      Potential    Kinetic En.   Total Energy  Conserved En.    Temperature
   -1.18314e+05    2.22725e+04   -9.60413e+04   -9.56175e+04    2.98403e+02
 Pressure (bar)   Constr. rmsd
    3.28741e+00    0.00000e+00

          Box-X          Box-Y          Box-Z
    4.49486e+00    4.49486e+00    4.49486e+00

   Total Virial (kJ/mol)
    7.42899e+03   -1.06042e+01   -1.55021e+01
   -1.05564e+01    7.38544e+03    4.36156e+00
   -1.54353e+01    4.32265e+00    7.43562e+03

   Pressure (bar)
    1.33759e+00    4.78246e+00    2.20789e+00
    4.76488e+00    1.10971e+01   -1.40227e+00
    2.18343e+00   -1.38816e+00   -2.57249e+00


	M E G A - F L O P S   A C C O U N T I N G

 NB=Group-cutoff nonbonded kernels    NxN=N-by-N cluster Verlet kernels
 RF=Reaction-Field  VdW=Van der Waals  QSTab=quadratic-spline table
 W3=SPC/TIP3p  W4=TIP4p (single or pairs)
 V&F=Potential and force  V=Potential only  F=Force only

 Computing:                               M-Number         M-Flops  % Flops
-----------------------------------------------------------------------------
 Pair Search distance check           12747.940594      114731.465     0.1
 NxN QSTab Elec. + LJ [F]            870352.336416    46128673.830    58.1
 NxN QSTab Elec. + LJ [V&F]            8794.777544      712376.981     0.9
 NxN QSTab Elec. [F]                 836630.518976    28445437.645    35.8
 NxN QSTab Elec. [V&F]                 8454.373736      346629.323     0.4
 1,4 nonbonded interactions             107.250429        9652.539     0.0
 Calc Weights                          6698.276793      241137.965     0.3
 Spread Q Bspline                    142896.571584      285793.143     0.4
 Gather F Bspline                    142896.571584      857379.430     1.1
 3D-FFT                              245760.483038     1966083.864     2.5
 Solve PME                              256.001024       16384.066     0.0
 Reset In Box                            27.900444          83.701     0.0
 CG-CoM                                  27.918306          83.755     0.0
 Bonds                                   24.500098        1445.506     0.0
 Angles                                  74.750299       12558.050     0.0
 Propers                                108.250433       24789.349     0.0
 Impropers                               11.500046        2392.010     0.0
 Pos. Restr.                             23.250093        1162.505     0.0
 Virial                                 227.784111        4100.114     0.0
 Stop-CM                                 22.336431         223.364     0.0
 Calc-Ekin                              446.567862       12057.332     0.0
 Lincs                                   18.250073        1095.004     0.0
 Lincs-Mat                               60.000240         240.001     0.0
 Constraint-V                          2227.258909       17818.071     0.0
 Constraint-Vir                         220.908836        5301.812     0.0
 Settle                                 730.252921      235871.693     0.3
-----------------------------------------------------------------------------
 Total                                                79443502.519   100.0
-----------------------------------------------------------------------------


    D O M A I N   D E C O M P O S I T I O N   S T A T I S T I C S

 av. #atoms communicated per step for force:  2 x 11319.2


Dynamic load balancing report:
 DLB was off during the run due to low measured imbalance.
 Average load imbalance: 2.0%.
 The balanceable part of the MD step is 72%, load imbalance is computed from this.
 Part of the total run time spent waiting due to load imbalance: 1.4%.


     R E A L   C Y C L E   A N D   T I M E   A C C O U N T I N G

On 4 MPI ranks, each using 4 OpenMP threads

 Computing:          Num   Num      Call    Wall time         Giga-Cycles
                     Ranks Threads  Count      (s)         total sum    %
-----------------------------------------------------------------------------
 Domain decomp.         4    4       3125       2.151         68.814   0.6
 DD comm. load          4    4        672       0.003          0.083   0.0
 DD comm. bounds        4    4         57       0.000          0.012   0.0
 Neighbor search        4    4       3126       5.113        163.597   1.4
 Comm. coord.           4    4     246875       7.028        224.858   1.9
 Force                  4    4     250001     228.115       7298.152  60.8
 Wait + Comm. F         4    4     250001       6.648        212.698   1.8
 PME mesh               4    4     250001      81.390       2603.917  21.7
 NB X/F buffer ops.     4    4     743751      10.419        333.350   2.8
 Write traj.            4    4        501       6.391        204.483   1.7
 Update                 4    4     250001       2.868         91.768   0.8
 Constraints            4    4     250001       3.948        126.319   1.1
 Comm. energies         4    4      25001      19.267        616.420   5.1
 Rest                                           1.837         58.757   0.5
-----------------------------------------------------------------------------
 Total                                        375.180      12003.230 100.0
-----------------------------------------------------------------------------
 Breakdown of PME mesh computation
-----------------------------------------------------------------------------
 PME redist. X/F        4    4     500002      19.399        620.639   5.2
 PME spread             4    4     250001      22.720        726.881   6.1
 PME gather             4    4     250001      14.879        476.024   4.0
 PME 3D-FFT             4    4     500002      16.461        526.650   4.4
 PME 3D-FFT Comm.       4    4     500002       6.428        205.662   1.7
 PME solve Elec         4    4     250001       1.087         34.778   0.3
-----------------------------------------------------------------------------

NOTE: 5 % of the run time was spent communicating energies,
      you might want to use the -gcom option of mdrun

               Core t (s)   Wall t (s)        (%)
       Time:     6001.300      375.180     1599.6
                 (ns/day)    (hour/ns)
Performance:      115.145        0.208
Finished mdrun on rank 0 Fri May 15 10:52:20 2026

